image_name,azimuth,elevation
sinusoid-0_-7.150982152169262_-7.150982152169262.png,-7.150982152169262,-7.150982152169262
sinusoid-1_-0.466664551802269_-7.150982152169262.png,-0.466664551802269,-7.150982152169262
sinusoid-2_14.81655691553061_-7.150982152169262.png,14.81655691553061,-7.150982152169262
sinusoid-3_4.282040529968586_-7.150982152169262.png,4.282040529968586,-7.150982152169262
sinusoid-4_11.30282519368279_-7.150982152169262.png,11.30282519368279,-7.150982152169262
sinusoid-5_-5.443966585768014_-7.150982152169262.png,-5.443966585768014,-7.150982152169262
sinusoid-6_10.263230487392423_-7.150982152169262.png,10.263230487392423,-7.150982152169262
sinusoid-7_-2.2464995846517897_-7.150982152169262.png,-2.2464995846517897,-7.150982152169262
sinusoid-8_7.870300618492312_-7.150982152169262.png,7.870300618492312,-7.150982152169262
sinusoid-9_1.3067205278971286_-7.150982152169262.png,1.3067205278971286,-7.150982152169262
sinusoid-10_10.354600771765723_-7.150982152169262.png,10.354600771765723,-7.150982152169262
sinusoid-11_1.857993862408295_-7.150982152169262.png,1.857993862408295,-7.150982152169262
sinusoid-12_-5.3828764373816265_-7.150982152169262.png,-5.3828764373816265,-7.150982152169262
sinusoid-13_2.0929721214827914_-7.150982152169262.png,2.0929721214827914,-7.150982152169262
sinusoid-14_-11.898249279852328_-7.150982152169262.png,-11.898249279852328,-7.150982152169262
sinusoid-15_10.927843281341508_-7.150982152169262.png,10.927843281341508,-7.150982152169262
sinusoid-16_-4.72065721412871_-7.150982152169262.png,-4.72065721412871,-7.150982152169262
sinusoid-17_-9.31392635820702_-7.150982152169262.png,-9.31392635820702,-7.150982152169262
sinusoid-18_-4.218929889113233_-7.150982152169262.png,-4.218929889113233,-7.150982152169262
sinusoid-19_11.198533744171154_-7.150982152169262.png,11.198533744171154,-7.150982152169262
sinusoid-20_12.932905731813046_-7.150982152169262.png,12.932905731813046,-7.150982152169262
sinusoid-21_-10.789442811404937_-7.150982152169262.png,-10.789442811404937,-7.150982152169262
sinusoid-22_0.5140255376584668_-7.150982152169262.png,0.5140255376584668,-7.150982152169262
sinusoid-23_-2.4107259151632165_-7.150982152169262.png,-2.4107259151632165,-7.150982152169262
sinusoid-24_3.777203956649752_-7.150982152169262.png,3.777203956649752,-7.150982152169262
sinusoid-25_0.7725870577305578_-7.150982152169262.png,0.7725870577305578,-7.150982152169262
sinusoid-26_-2.46833039372393_-7.150982152169262.png,-2.46833039372393,-7.150982152169262
sinusoid-27_-14.154563756862647_-7.150982152169262.png,-14.154563756862647,-7.150982152169262
sinusoid-28_-3.284922037724697_-7.150982152169262.png,-3.284922037724697,-7.150982152169262
sinusoid-29_5.636309961781828_-7.150982152169262.png,5.636309961781828,-7.150982152169262
sinusoid-30_5.451968903508355_-7.150982152169262.png,5.451968903508355,-7.150982152169262
sinusoid-31_12.860429358522225_-7.150982152169262.png,12.860429358522225,-7.150982152169262
sinusoid-32_-7.150982152169262_-0.466664551802269.png,-7.150982152169262,-0.466664551802269
sinusoid-33_-0.466664551802269_-0.466664551802269.png,-0.466664551802269,-0.466664551802269
sinusoid-34_14.81655691553061_-0.466664551802269.png,14.81655691553061,-0.466664551802269
sinusoid-35_4.282040529968586_-0.466664551802269.png,4.282040529968586,-0.466664551802269
sinusoid-36_11.30282519368279_-0.466664551802269.png,11.30282519368279,-0.466664551802269
sinusoid-37_-5.443966585768014_-0.466664551802269.png,-5.443966585768014,-0.466664551802269
sinusoid-38_10.263230487392423_-0.466664551802269.png,10.263230487392423,-0.466664551802269
sinusoid-39_-2.2464995846517897_-0.466664551802269.png,-2.2464995846517897,-0.466664551802269
sinusoid-40_7.870300618492312_-0.466664551802269.png,7.870300618492312,-0.466664551802269
sinusoid-41_1.3067205278971286_-0.466664551802269.png,1.3067205278971286,-0.466664551802269
sinusoid-42_10.354600771765723_-0.466664551802269.png,10.354600771765723,-0.466664551802269
sinusoid-43_1.857993862408295_-0.466664551802269.png,1.857993862408295,-0.466664551802269
sinusoid-44_-5.3828764373816265_-0.466664551802269.png,-5.3828764373816265,-0.466664551802269
sinusoid-45_2.0929721214827914_-0.466664551802269.png,2.0929721214827914,-0.466664551802269
sinusoid-46_-11.898249279852328_-0.466664551802269.png,-11.898249279852328,-0.466664551802269
sinusoid-47_10.927843281341508_-0.466664551802269.png,10.927843281341508,-0.466664551802269
sinusoid-48_-4.72065721412871_-0.466664551802269.png,-4.72065721412871,-0.466664551802269
sinusoid-49_-9.31392635820702_-0.466664551802269.png,-9.31392635820702,-0.466664551802269
sinusoid-50_-4.218929889113233_-0.466664551802269.png,-4.218929889113233,-0.466664551802269
sinusoid-51_11.198533744171154_-0.466664551802269.png,11.198533744171154,-0.466664551802269
sinusoid-52_12.932905731813046_-0.466664551802269.png,12.932905731813046,-0.466664551802269
sinusoid-53_-10.789442811404937_-0.466664551802269.png,-10.789442811404937,-0.466664551802269
sinusoid-54_0.5140255376584668_-0.466664551802269.png,0.5140255376584668,-0.466664551802269
sinusoid-55_-2.4107259151632165_-0.466664551802269.png,-2.4107259151632165,-0.466664551802269
sinusoid-56_3.777203956649752_-0.466664551802269.png,3.777203956649752,-0.466664551802269
sinusoid-57_0.7725870577305578_-0.466664551802269.png,0.7725870577305578,-0.466664551802269
sinusoid-58_-2.46833039372393_-0.466664551802269.png,-2.46833039372393,-0.466664551802269
sinusoid-59_-14.154563756862647_-0.466664551802269.png,-14.154563756862647,-0.466664551802269
sinusoid-60_-3.284922037724697_-0.466664551802269.png,-3.284922037724697,-0.466664551802269
sinusoid-61_5.636309961781828_-0.466664551802269.png,5.636309961781828,-0.466664551802269
sinusoid-62_5.451968903508355_-0.466664551802269.png,5.451968903508355,-0.466664551802269
sinusoid-63_12.860429358522225_-0.466664551802269.png,12.860429358522225,-0.466664551802269
sinusoid-64_-7.150982152169262_14.81655691553061.png,-7.150982152169262,14.81655691553061
sinusoid-65_-0.466664551802269_14.81655691553061.png,-0.466664551802269,14.81655691553061
sinusoid-66_14.81655691553061_14.81655691553061.png,14.81655691553061,14.81655691553061
sinusoid-67_4.282040529968586_14.81655691553061.png,4.282040529968586,14.81655691553061
sinusoid-68_11.30282519368279_14.81655691553061.png,11.30282519368279,14.81655691553061
sinusoid-69_-5.443966585768014_14.81655691553061.png,-5.443966585768014,14.81655691553061
sinusoid-70_10.263230487392423_14.81655691553061.png,10.263230487392423,14.81655691553061
sinusoid-71_-2.2464995846517897_14.81655691553061.png,-2.2464995846517897,14.81655691553061
sinusoid-72_7.870300618492312_14.81655691553061.png,7.870300618492312,14.81655691553061
sinusoid-73_1.3067205278971286_14.81655691553061.png,1.3067205278971286,14.81655691553061
sinusoid-74_10.354600771765723_14.81655691553061.png,10.354600771765723,14.81655691553061
sinusoid-75_1.857993862408295_14.81655691553061.png,1.857993862408295,14.81655691553061
sinusoid-76_-5.3828764373816265_14.81655691553061.png,-5.3828764373816265,14.81655691553061
sinusoid-77_2.0929721214827914_14.81655691553061.png,2.0929721214827914,14.81655691553061
sinusoid-78_-11.898249279852328_14.81655691553061.png,-11.898249279852328,14.81655691553061
sinusoid-79_10.927843281341508_14.81655691553061.png,10.927843281341508,14.81655691553061
sinusoid-80_-4.72065721412871_14.81655691553061.png,-4.72065721412871,14.81655691553061
sinusoid-81_-9.31392635820702_14.81655691553061.png,-9.31392635820702,14.81655691553061
sinusoid-82_-4.218929889113233_14.81655691553061.png,-4.218929889113233,14.81655691553061
sinusoid-83_11.198533744171154_14.81655691553061.png,11.198533744171154,14.81655691553061
sinusoid-84_12.932905731813046_14.81655691553061.png,12.932905731813046,14.81655691553061
sinusoid-85_-10.789442811404937_14.81655691553061.png,-10.789442811404937,14.81655691553061
sinusoid-86_0.5140255376584668_14.81655691553061.png,0.5140255376584668,14.81655691553061
sinusoid-87_-2.4107259151632165_14.81655691553061.png,-2.4107259151632165,14.81655691553061
sinusoid-88_3.777203956649752_14.81655691553061.png,3.777203956649752,14.81655691553061
sinusoid-89_0.7725870577305578_14.81655691553061.png,0.7725870577305578,14.81655691553061
sinusoid-90_-2.46833039372393_14.81655691553061.png,-2.46833039372393,14.81655691553061
sinusoid-91_-14.154563756862647_14.81655691553061.png,-14.154563756862647,14.81655691553061
sinusoid-92_-3.284922037724697_14.81655691553061.png,-3.284922037724697,14.81655691553061
sinusoid-93_5.636309961781828_14.81655691553061.png,5.636309961781828,14.81655691553061
sinusoid-94_5.451968903508355_14.81655691553061.png,5.451968903508355,14.81655691553061
sinusoid-95_12.860429358522225_14.81655691553061.png,12.860429358522225,14.81655691553061
sinusoid-96_-7.150982152169262_4.282040529968586.png,-7.150982152169262,4.282040529968586
sinusoid-97_-0.466664551802269_4.282040529968586.png,-0.466664551802269,4.282040529968586
sinusoid-98_14.81655691553061_4.282040529968586.png,14.81655691553061,4.282040529968586
sinusoid-99_4.282040529968586_4.282040529968586.png,4.282040529968586,4.282040529968586
sinusoid-100_11.30282519368279_4.282040529968586.png,11.30282519368279,4.282040529968586
sinusoid-101_-5.443966585768014_4.282040529968586.png,-5.443966585768014,4.282040529968586
sinusoid-102_10.263230487392423_4.282040529968586.png,10.263230487392423,4.282040529968586
sinusoid-103_-2.2464995846517897_4.282040529968586.png,-2.2464995846517897,4.282040529968586
sinusoid-104_7.870300618492312_4.282040529968586.png,7.870300618492312,4.282040529968586
sinusoid-105_1.3067205278971286_4.282040529968586.png,1.3067205278971286,4.282040529968586
sinusoid-106_10.354600771765723_4.282040529968586.png,10.354600771765723,4.282040529968586
sinusoid-107_1.857993862408295_4.282040529968586.png,1.857993862408295,4.282040529968586
sinusoid-108_-5.3828764373816265_4.282040529968586.png,-5.3828764373816265,4.282040529968586
sinusoid-109_2.0929721214827914_4.282040529968586.png,2.0929721214827914,4.282040529968586
sinusoid-110_-11.898249279852328_4.282040529968586.png,-11.898249279852328,4.282040529968586
sinusoid-111_10.927843281341508_4.282040529968586.png,10.927843281341508,4.282040529968586
sinusoid-112_-4.72065721412871_4.282040529968586.png,-4.72065721412871,4.282040529968586
sinusoid-113_-9.31392635820702_4.282040529968586.png,-9.31392635820702,4.282040529968586
sinusoid-114_-4.218929889113233_4.282040529968586.png,-4.218929889113233,4.282040529968586
sinusoid-115_11.198533744171154_4.282040529968586.png,11.198533744171154,4.282040529968586
sinusoid-116_12.932905731813046_4.282040529968586.png,12.932905731813046,4.282040529968586
sinusoid-117_-10.789442811404937_4.282040529968586.png,-10.789442811404937,4.282040529968586
sinusoid-118_0.5140255376584668_4.282040529968586.png,0.5140255376584668,4.282040529968586
sinusoid-119_-2.4107259151632165_4.282040529968586.png,-2.4107259151632165,4.282040529968586
sinusoid-120_3.777203956649752_4.282040529968586.png,3.777203956649752,4.282040529968586
sinusoid-121_0.7725870577305578_4.282040529968586.png,0.7725870577305578,4.282040529968586
sinusoid-122_-2.46833039372393_4.282040529968586.png,-2.46833039372393,4.282040529968586
sinusoid-123_-14.154563756862647_4.282040529968586.png,-14.154563756862647,4.282040529968586
sinusoid-124_-3.284922037724697_4.282040529968586.png,-3.284922037724697,4.282040529968586
sinusoid-125_5.636309961781828_4.282040529968586.png,5.636309961781828,4.282040529968586
sinusoid-126_5.451968903508355_4.282040529968586.png,5.451968903508355,4.282040529968586
sinusoid-127_12.860429358522225_4.282040529968586.png,12.860429358522225,4.282040529968586
sinusoid-128_-7.150982152169262_11.30282519368279.png,-7.150982152169262,11.30282519368279
sinusoid-129_-0.466664551802269_11.30282519368279.png,-0.466664551802269,11.30282519368279
sinusoid-130_14.81655691553061_11.30282519368279.png,14.81655691553061,11.30282519368279
sinusoid-131_4.282040529968586_11.30282519368279.png,4.282040529968586,11.30282519368279
sinusoid-132_11.30282519368279_11.30282519368279.png,11.30282519368279,11.30282519368279
sinusoid-133_-5.443966585768014_11.30282519368279.png,-5.443966585768014,11.30282519368279
sinusoid-134_10.263230487392423_11.30282519368279.png,10.263230487392423,11.30282519368279
sinusoid-135_-2.2464995846517897_11.30282519368279.png,-2.2464995846517897,11.30282519368279
sinusoid-136_7.870300618492312_11.30282519368279.png,7.870300618492312,11.30282519368279
sinusoid-137_1.3067205278971286_11.30282519368279.png,1.3067205278971286,11.30282519368279
sinusoid-138_10.354600771765723_11.30282519368279.png,10.354600771765723,11.30282519368279
sinusoid-139_1.857993862408295_11.30282519368279.png,1.857993862408295,11.30282519368279
sinusoid-140_-5.3828764373816265_11.30282519368279.png,-5.3828764373816265,11.30282519368279
sinusoid-141_2.0929721214827914_11.30282519368279.png,2.0929721214827914,11.30282519368279
sinusoid-142_-11.898249279852328_11.30282519368279.png,-11.898249279852328,11.30282519368279
sinusoid-143_10.927843281341508_11.30282519368279.png,10.927843281341508,11.30282519368279
sinusoid-144_-4.72065721412871_11.30282519368279.png,-4.72065721412871,11.30282519368279
sinusoid-145_-9.31392635820702_11.30282519368279.png,-9.31392635820702,11.30282519368279
sinusoid-146_-4.218929889113233_11.30282519368279.png,-4.218929889113233,11.30282519368279
sinusoid-147_11.198533744171154_11.30282519368279.png,11.198533744171154,11.30282519368279
sinusoid-148_12.932905731813046_11.30282519368279.png,12.932905731813046,11.30282519368279
sinusoid-149_-10.789442811404937_11.30282519368279.png,-10.789442811404937,11.30282519368279
sinusoid-150_0.5140255376584668_11.30282519368279.png,0.5140255376584668,11.30282519368279
sinusoid-151_-2.4107259151632165_11.30282519368279.png,-2.4107259151632165,11.30282519368279
sinusoid-152_3.777203956649752_11.30282519368279.png,3.777203956649752,11.30282519368279
sinusoid-153_0.7725870577305578_11.30282519368279.png,0.7725870577305578,11.30282519368279
sinusoid-154_-2.46833039372393_11.30282519368279.png,-2.46833039372393,11.30282519368279
sinusoid-155_-14.154563756862647_11.30282519368279.png,-14.154563756862647,11.30282519368279
sinusoid-156_-3.284922037724697_11.30282519368279.png,-3.284922037724697,11.30282519368279
sinusoid-157_5.636309961781828_11.30282519368279.png,5.636309961781828,11.30282519368279
sinusoid-158_5.451968903508355_11.30282519368279.png,5.451968903508355,11.30282519368279
sinusoid-159_12.860429358522225_11.30282519368279.png,12.860429358522225,11.30282519368279
sinusoid-160_-7.150982152169262_-5.443966585768014.png,-7.150982152169262,-5.443966585768014
sinusoid-161_-0.466664551802269_-5.443966585768014.png,-0.466664551802269,-5.443966585768014
sinusoid-162_14.81655691553061_-5.443966585768014.png,14.81655691553061,-5.443966585768014
sinusoid-163_4.282040529968586_-5.443966585768014.png,4.282040529968586,-5.443966585768014
sinusoid-164_11.30282519368279_-5.443966585768014.png,11.30282519368279,-5.443966585768014
sinusoid-165_-5.443966585768014_-5.443966585768014.png,-5.443966585768014,-5.443966585768014
sinusoid-166_10.263230487392423_-5.443966585768014.png,10.263230487392423,-5.443966585768014
sinusoid-167_-2.2464995846517897_-5.443966585768014.png,-2.2464995846517897,-5.443966585768014
sinusoid-168_7.870300618492312_-5.443966585768014.png,7.870300618492312,-5.443966585768014
sinusoid-169_1.3067205278971286_-5.443966585768014.png,1.3067205278971286,-5.443966585768014
sinusoid-170_10.354600771765723_-5.443966585768014.png,10.354600771765723,-5.443966585768014
sinusoid-171_1.857993862408295_-5.443966585768014.png,1.857993862408295,-5.443966585768014
sinusoid-172_-5.3828764373816265_-5.443966585768014.png,-5.3828764373816265,-5.443966585768014
sinusoid-173_2.0929721214827914_-5.443966585768014.png,2.0929721214827914,-5.443966585768014
sinusoid-174_-11.898249279852328_-5.443966585768014.png,-11.898249279852328,-5.443966585768014
sinusoid-175_10.927843281341508_-5.443966585768014.png,10.927843281341508,-5.443966585768014
sinusoid-176_-4.72065721412871_-5.443966585768014.png,-4.72065721412871,-5.443966585768014
sinusoid-177_-9.31392635820702_-5.443966585768014.png,-9.31392635820702,-5.443966585768014
sinusoid-178_-4.218929889113233_-5.443966585768014.png,-4.218929889113233,-5.443966585768014
sinusoid-179_11.198533744171154_-5.443966585768014.png,11.198533744171154,-5.443966585768014
sinusoid-180_12.932905731813046_-5.443966585768014.png,12.932905731813046,-5.443966585768014
sinusoid-181_-10.789442811404937_-5.443966585768014.png,-10.789442811404937,-5.443966585768014
sinusoid-182_0.5140255376584668_-5.443966585768014.png,0.5140255376584668,-5.443966585768014
sinusoid-183_-2.4107259151632165_-5.443966585768014.png,-2.4107259151632165,-5.443966585768014
sinusoid-184_3.777203956649752_-5.443966585768014.png,3.777203956649752,-5.443966585768014
sinusoid-185_0.7725870577305578_-5.443966585768014.png,0.7725870577305578,-5.443966585768014
sinusoid-186_-2.46833039372393_-5.443966585768014.png,-2.46833039372393,-5.443966585768014
sinusoid-187_-14.154563756862647_-5.443966585768014.png,-14.154563756862647,-5.443966585768014
sinusoid-188_-3.284922037724697_-5.443966585768014.png,-3.284922037724697,-5.443966585768014
sinusoid-189_5.636309961781828_-5.443966585768014.png,5.636309961781828,-5.443966585768014
sinusoid-190_5.451968903508355_-5.443966585768014.png,5.451968903508355,-5.443966585768014
sinusoid-191_12.860429358522225_-5.443966585768014.png,12.860429358522225,-5.443966585768014
sinusoid-192_-7.150982152169262_10.263230487392423.png,-7.150982152169262,10.263230487392423
sinusoid-193_-0.466664551802269_10.263230487392423.png,-0.466664551802269,10.263230487392423
sinusoid-194_14.81655691553061_10.263230487392423.png,14.81655691553061,10.263230487392423
sinusoid-195_4.282040529968586_10.263230487392423.png,4.282040529968586,10.263230487392423
sinusoid-196_11.30282519368279_10.263230487392423.png,11.30282519368279,10.263230487392423
sinusoid-197_-5.443966585768014_10.263230487392423.png,-5.443966585768014,10.263230487392423
sinusoid-198_10.263230487392423_10.263230487392423.png,10.263230487392423,10.263230487392423
sinusoid-199_-2.2464995846517897_10.263230487392423.png,-2.2464995846517897,10.263230487392423
sinusoid-200_7.870300618492312_10.263230487392423.png,7.870300618492312,10.263230487392423
sinusoid-201_1.3067205278971286_10.263230487392423.png,1.3067205278971286,10.263230487392423
sinusoid-202_10.354600771765723_10.263230487392423.png,10.354600771765723,10.263230487392423
sinusoid-203_1.857993862408295_10.263230487392423.png,1.857993862408295,10.263230487392423
sinusoid-204_-5.3828764373816265_10.263230487392423.png,-5.3828764373816265,10.263230487392423
sinusoid-205_2.0929721214827914_10.263230487392423.png,2.0929721214827914,10.263230487392423
sinusoid-206_-11.898249279852328_10.263230487392423.png,-11.898249279852328,10.263230487392423
sinusoid-207_10.927843281341508_10.263230487392423.png,10.927843281341508,10.263230487392423
sinusoid-208_-4.72065721412871_10.263230487392423.png,-4.72065721412871,10.263230487392423
sinusoid-209_-9.31392635820702_10.263230487392423.png,-9.31392635820702,10.263230487392423
sinusoid-210_-4.218929889113233_10.263230487392423.png,-4.218929889113233,10.263230487392423
sinusoid-211_11.198533744171154_10.263230487392423.png,11.198533744171154,10.263230487392423
sinusoid-212_12.932905731813046_10.263230487392423.png,12.932905731813046,10.263230487392423
sinusoid-213_-10.789442811404937_10.263230487392423.png,-10.789442811404937,10.263230487392423
sinusoid-214_0.5140255376584668_10.263230487392423.png,0.5140255376584668,10.263230487392423
sinusoid-215_-2.4107259151632165_10.263230487392423.png,-2.4107259151632165,10.263230487392423
sinusoid-216_3.777203956649752_10.263230487392423.png,3.777203956649752,10.263230487392423
sinusoid-217_0.7725870577305578_10.263230487392423.png,0.7725870577305578,10.263230487392423
sinusoid-218_-2.46833039372393_10.263230487392423.png,-2.46833039372393,10.263230487392423
sinusoid-219_-14.154563756862647_10.263230487392423.png,-14.154563756862647,10.263230487392423
sinusoid-220_-3.284922037724697_10.263230487392423.png,-3.284922037724697,10.263230487392423
sinusoid-221_5.636309961781828_10.263230487392423.png,5.636309961781828,10.263230487392423
sinusoid-222_5.451968903508355_10.263230487392423.png,5.451968903508355,10.263230487392423
sinusoid-223_12.860429358522225_10.263230487392423.png,12.860429358522225,10.263230487392423
sinusoid-224_-7.150982152169262_-2.2464995846517897.png,-7.150982152169262,-2.2464995846517897
sinusoid-225_-0.466664551802269_-2.2464995846517897.png,-0.466664551802269,-2.2464995846517897
sinusoid-226_14.81655691553061_-2.2464995846517897.png,14.81655691553061,-2.2464995846517897
sinusoid-227_4.282040529968586_-2.2464995846517897.png,4.282040529968586,-2.2464995846517897
sinusoid-228_11.30282519368279_-2.2464995846517897.png,11.30282519368279,-2.2464995846517897
sinusoid-229_-5.443966585768014_-2.2464995846517897.png,-5.443966585768014,-2.2464995846517897
sinusoid-230_10.263230487392423_-2.2464995846517897.png,10.263230487392423,-2.2464995846517897
sinusoid-231_-2.2464995846517897_-2.2464995846517897.png,-2.2464995846517897,-2.2464995846517897
sinusoid-232_7.870300618492312_-2.2464995846517897.png,7.870300618492312,-2.2464995846517897
sinusoid-233_1.3067205278971286_-2.2464995846517897.png,1.3067205278971286,-2.2464995846517897
sinusoid-234_10.354600771765723_-2.2464995846517897.png,10.354600771765723,-2.2464995846517897
sinusoid-235_1.857993862408295_-2.2464995846517897.png,1.857993862408295,-2.2464995846517897
sinusoid-236_-5.3828764373816265_-2.2464995846517897.png,-5.3828764373816265,-2.2464995846517897
sinusoid-237_2.0929721214827914_-2.2464995846517897.png,2.0929721214827914,-2.2464995846517897
sinusoid-238_-11.898249279852328_-2.2464995846517897.png,-11.898249279852328,-2.2464995846517897
sinusoid-239_10.927843281341508_-2.2464995846517897.png,10.927843281341508,-2.2464995846517897
sinusoid-240_-4.72065721412871_-2.2464995846517897.png,-4.72065721412871,-2.2464995846517897
sinusoid-241_-9.31392635820702_-2.2464995846517897.png,-9.31392635820702,-2.2464995846517897
sinusoid-242_-4.218929889113233_-2.2464995846517897.png,-4.218929889113233,-2.2464995846517897
sinusoid-243_11.198533744171154_-2.2464995846517897.png,11.198533744171154,-2.2464995846517897
sinusoid-244_12.932905731813046_-2.2464995846517897.png,12.932905731813046,-2.2464995846517897
sinusoid-245_-10.789442811404937_-2.2464995846517897.png,-10.789442811404937,-2.2464995846517897
sinusoid-246_0.5140255376584668_-2.2464995846517897.png,0.5140255376584668,-2.2464995846517897
sinusoid-247_-2.4107259151632165_-2.2464995846517897.png,-2.4107259151632165,-2.2464995846517897
sinusoid-248_3.777203956649752_-2.2464995846517897.png,3.777203956649752,-2.2464995846517897
sinusoid-249_0.7725870577305578_-2.2464995846517897.png,0.7725870577305578,-2.2464995846517897
sinusoid-250_-2.46833039372393_-2.2464995846517897.png,-2.46833039372393,-2.2464995846517897
sinusoid-251_-14.154563756862647_-2.2464995846517897.png,-14.154563756862647,-2.2464995846517897
sinusoid-252_-3.284922037724697_-2.2464995846517897.png,-3.284922037724697,-2.2464995846517897
sinusoid-253_5.636309961781828_-2.2464995846517897.png,5.636309961781828,-2.2464995846517897
sinusoid-254_5.451968903508355_-2.2464995846517897.png,5.451968903508355,-2.2464995846517897
sinusoid-255_12.860429358522225_-2.2464995846517897.png,12.860429358522225,-2.2464995846517897
sinusoid-256_-7.150982152169262_7.870300618492312.png,-7.150982152169262,7.870300618492312
sinusoid-257_-0.466664551802269_7.870300618492312.png,-0.466664551802269,7.870300618492312
sinusoid-258_14.81655691553061_7.870300618492312.png,14.81655691553061,7.870300618492312
sinusoid-259_4.282040529968586_7.870300618492312.png,4.282040529968586,7.870300618492312
sinusoid-260_11.30282519368279_7.870300618492312.png,11.30282519368279,7.870300618492312
sinusoid-261_-5.443966585768014_7.870300618492312.png,-5.443966585768014,7.870300618492312
sinusoid-262_10.263230487392423_7.870300618492312.png,10.263230487392423,7.870300618492312
sinusoid-263_-2.2464995846517897_7.870300618492312.png,-2.2464995846517897,7.870300618492312
sinusoid-264_7.870300618492312_7.870300618492312.png,7.870300618492312,7.870300618492312
sinusoid-265_1.3067205278971286_7.870300618492312.png,1.3067205278971286,7.870300618492312
sinusoid-266_10.354600771765723_7.870300618492312.png,10.354600771765723,7.870300618492312
sinusoid-267_1.857993862408295_7.870300618492312.png,1.857993862408295,7.870300618492312
sinusoid-268_-5.3828764373816265_7.870300618492312.png,-5.3828764373816265,7.870300618492312
sinusoid-269_2.0929721214827914_7.870300618492312.png,2.0929721214827914,7.870300618492312
sinusoid-270_-11.898249279852328_7.870300618492312.png,-11.898249279852328,7.870300618492312
sinusoid-271_10.927843281341508_7.870300618492312.png,10.927843281341508,7.870300618492312
sinusoid-272_-4.72065721412871_7.870300618492312.png,-4.72065721412871,7.870300618492312
sinusoid-273_-9.31392635820702_7.870300618492312.png,-9.31392635820702,7.870300618492312
sinusoid-274_-4.218929889113233_7.870300618492312.png,-4.218929889113233,7.870300618492312
sinusoid-275_11.198533744171154_7.870300618492312.png,11.198533744171154,7.870300618492312
sinusoid-276_12.932905731813046_7.870300618492312.png,12.932905731813046,7.870300618492312
sinusoid-277_-10.789442811404937_7.870300618492312.png,-10.789442811404937,7.870300618492312
sinusoid-278_0.5140255376584668_7.870300618492312.png,0.5140255376584668,7.870300618492312
sinusoid-279_-2.4107259151632165_7.870300618492312.png,-2.4107259151632165,7.870300618492312
sinusoid-280_3.777203956649752_7.870300618492312.png,3.777203956649752,7.870300618492312
sinusoid-281_0.7725870577305578_7.870300618492312.png,0.7725870577305578,7.870300618492312
sinusoid-282_-2.46833039372393_7.870300618492312.png,-2.46833039372393,7.870300618492312
sinusoid-283_-14.154563756862647_7.870300618492312.png,-14.154563756862647,7.870300618492312
sinusoid-284_-3.284922037724697_7.870300618492312.png,-3.284922037724697,7.870300618492312
sinusoid-285_5.636309961781828_7.870300618492312.png,5.636309961781828,7.870300618492312
sinusoid-286_5.451968903508355_7.870300618492312.png,5.451968903508355,7.870300618492312
sinusoid-287_12.860429358522225_7.870300618492312.png,12.860429358522225,7.870300618492312
sinusoid-288_-7.150982152169262_1.3067205278971286.png,-7.150982152169262,1.3067205278971286
sinusoid-289_-0.466664551802269_1.3067205278971286.png,-0.466664551802269,1.3067205278971286
sinusoid-290_14.81655691553061_1.3067205278971286.png,14.81655691553061,1.3067205278971286
sinusoid-291_4.282040529968586_1.3067205278971286.png,4.282040529968586,1.3067205278971286
sinusoid-292_11.30282519368279_1.3067205278971286.png,11.30282519368279,1.3067205278971286
sinusoid-293_-5.443966585768014_1.3067205278971286.png,-5.443966585768014,1.3067205278971286
sinusoid-294_10.263230487392423_1.3067205278971286.png,10.263230487392423,1.3067205278971286
sinusoid-295_-2.2464995846517897_1.3067205278971286.png,-2.2464995846517897,1.3067205278971286
sinusoid-296_7.870300618492312_1.3067205278971286.png,7.870300618492312,1.3067205278971286
sinusoid-297_1.3067205278971286_1.3067205278971286.png,1.3067205278971286,1.3067205278971286
sinusoid-298_10.354600771765723_1.3067205278971286.png,10.354600771765723,1.3067205278971286
sinusoid-299_1.857993862408295_1.3067205278971286.png,1.857993862408295,1.3067205278971286
sinusoid-300_-5.3828764373816265_1.3067205278971286.png,-5.3828764373816265,1.3067205278971286
sinusoid-301_2.0929721214827914_1.3067205278971286.png,2.0929721214827914,1.3067205278971286
sinusoid-302_-11.898249279852328_1.3067205278971286.png,-11.898249279852328,1.3067205278971286
sinusoid-303_10.927843281341508_1.3067205278971286.png,10.927843281341508,1.3067205278971286
sinusoid-304_-4.72065721412871_1.3067205278971286.png,-4.72065721412871,1.3067205278971286
sinusoid-305_-9.31392635820702_1.3067205278971286.png,-9.31392635820702,1.3067205278971286
sinusoid-306_-4.218929889113233_1.3067205278971286.png,-4.218929889113233,1.3067205278971286
sinusoid-307_11.198533744171154_1.3067205278971286.png,11.198533744171154,1.3067205278971286
sinusoid-308_12.932905731813046_1.3067205278971286.png,12.932905731813046,1.3067205278971286
sinusoid-309_-10.789442811404937_1.3067205278971286.png,-10.789442811404937,1.3067205278971286
sinusoid-310_0.5140255376584668_1.3067205278971286.png,0.5140255376584668,1.3067205278971286
sinusoid-311_-2.4107259151632165_1.3067205278971286.png,-2.4107259151632165,1.3067205278971286
sinusoid-312_3.777203956649752_1.3067205278971286.png,3.777203956649752,1.3067205278971286
sinusoid-313_0.7725870577305578_1.3067205278971286.png,0.7725870577305578,1.3067205278971286
sinusoid-314_-2.46833039372393_1.3067205278971286.png,-2.46833039372393,1.3067205278971286
sinusoid-315_-14.154563756862647_1.3067205278971286.png,-14.154563756862647,1.3067205278971286
sinusoid-316_-3.284922037724697_1.3067205278971286.png,-3.284922037724697,1.3067205278971286
sinusoid-317_5.636309961781828_1.3067205278971286.png,5.636309961781828,1.3067205278971286
sinusoid-318_5.451968903508355_1.3067205278971286.png,5.451968903508355,1.3067205278971286
sinusoid-319_12.860429358522225_1.3067205278971286.png,12.860429358522225,1.3067205278971286
sinusoid-320_-7.150982152169262_10.354600771765723.png,-7.150982152169262,10.354600771765723
sinusoid-321_-0.466664551802269_10.354600771765723.png,-0.466664551802269,10.354600771765723
sinusoid-322_14.81655691553061_10.354600771765723.png,14.81655691553061,10.354600771765723
sinusoid-323_4.282040529968586_10.354600771765723.png,4.282040529968586,10.354600771765723
sinusoid-324_11.30282519368279_10.354600771765723.png,11.30282519368279,10.354600771765723
sinusoid-325_-5.443966585768014_10.354600771765723.png,-5.443966585768014,10.354600771765723
sinusoid-326_10.263230487392423_10.354600771765723.png,10.263230487392423,10.354600771765723
sinusoid-327_-2.2464995846517897_10.354600771765723.png,-2.2464995846517897,10.354600771765723
sinusoid-328_7.870300618492312_10.354600771765723.png,7.870300618492312,10.354600771765723
sinusoid-329_1.3067205278971286_10.354600771765723.png,1.3067205278971286,10.354600771765723
sinusoid-330_10.354600771765723_10.354600771765723.png,10.354600771765723,10.354600771765723
sinusoid-331_1.857993862408295_10.354600771765723.png,1.857993862408295,10.354600771765723
sinusoid-332_-5.3828764373816265_10.354600771765723.png,-5.3828764373816265,10.354600771765723
sinusoid-333_2.0929721214827914_10.354600771765723.png,2.0929721214827914,10.354600771765723
sinusoid-334_-11.898249279852328_10.354600771765723.png,-11.898249279852328,10.354600771765723
sinusoid-335_10.927843281341508_10.354600771765723.png,10.927843281341508,10.354600771765723
sinusoid-336_-4.72065721412871_10.354600771765723.png,-4.72065721412871,10.354600771765723
sinusoid-337_-9.31392635820702_10.354600771765723.png,-9.31392635820702,10.354600771765723
sinusoid-338_-4.218929889113233_10.354600771765723.png,-4.218929889113233,10.354600771765723
sinusoid-339_11.198533744171154_10.354600771765723.png,11.198533744171154,10.354600771765723
sinusoid-340_12.932905731813046_10.354600771765723.png,12.932905731813046,10.354600771765723
sinusoid-341_-10.789442811404937_10.354600771765723.png,-10.789442811404937,10.354600771765723
sinusoid-342_0.5140255376584668_10.354600771765723.png,0.5140255376584668,10.354600771765723
sinusoid-343_-2.4107259151632165_10.354600771765723.png,-2.4107259151632165,10.354600771765723
sinusoid-344_3.777203956649752_10.354600771765723.png,3.777203956649752,10.354600771765723
sinusoid-345_0.7725870577305578_10.354600771765723.png,0.7725870577305578,10.354600771765723
sinusoid-346_-2.46833039372393_10.354600771765723.png,-2.46833039372393,10.354600771765723
sinusoid-347_-14.154563756862647_10.354600771765723.png,-14.154563756862647,10.354600771765723
sinusoid-348_-3.284922037724697_10.354600771765723.png,-3.284922037724697,10.354600771765723
sinusoid-349_5.636309961781828_10.354600771765723.png,5.636309961781828,10.354600771765723
sinusoid-350_5.451968903508355_10.354600771765723.png,5.451968903508355,10.354600771765723
sinusoid-351_12.860429358522225_10.354600771765723.png,12.860429358522225,10.354600771765723
sinusoid-352_-7.150982152169262_1.857993862408295.png,-7.150982152169262,1.857993862408295
sinusoid-353_-0.466664551802269_1.857993862408295.png,-0.466664551802269,1.857993862408295
sinusoid-354_14.81655691553061_1.857993862408295.png,14.81655691553061,1.857993862408295
sinusoid-355_4.282040529968586_1.857993862408295.png,4.282040529968586,1.857993862408295
sinusoid-356_11.30282519368279_1.857993862408295.png,11.30282519368279,1.857993862408295
sinusoid-357_-5.443966585768014_1.857993862408295.png,-5.443966585768014,1.857993862408295
sinusoid-358_10.263230487392423_1.857993862408295.png,10.263230487392423,1.857993862408295
sinusoid-359_-2.2464995846517897_1.857993862408295.png,-2.2464995846517897,1.857993862408295
sinusoid-360_7.870300618492312_1.857993862408295.png,7.870300618492312,1.857993862408295
sinusoid-361_1.3067205278971286_1.857993862408295.png,1.3067205278971286,1.857993862408295
sinusoid-362_10.354600771765723_1.857993862408295.png,10.354600771765723,1.857993862408295
sinusoid-363_1.857993862408295_1.857993862408295.png,1.857993862408295,1.857993862408295
sinusoid-364_-5.3828764373816265_1.857993862408295.png,-5.3828764373816265,1.857993862408295
sinusoid-365_2.0929721214827914_1.857993862408295.png,2.0929721214827914,1.857993862408295
sinusoid-366_-11.898249279852328_1.857993862408295.png,-11.898249279852328,1.857993862408295
sinusoid-367_10.927843281341508_1.857993862408295.png,10.927843281341508,1.857993862408295
sinusoid-368_-4.72065721412871_1.857993862408295.png,-4.72065721412871,1.857993862408295
sinusoid-369_-9.31392635820702_1.857993862408295.png,-9.31392635820702,1.857993862408295
sinusoid-370_-4.218929889113233_1.857993862408295.png,-4.218929889113233,1.857993862408295
sinusoid-371_11.198533744171154_1.857993862408295.png,11.198533744171154,1.857993862408295
sinusoid-372_12.932905731813046_1.857993862408295.png,12.932905731813046,1.857993862408295
sinusoid-373_-10.789442811404937_1.857993862408295.png,-10.789442811404937,1.857993862408295
sinusoid-374_0.5140255376584668_1.857993862408295.png,0.5140255376584668,1.857993862408295
sinusoid-375_-2.4107259151632165_1.857993862408295.png,-2.4107259151632165,1.857993862408295
sinusoid-376_3.777203956649752_1.857993862408295.png,3.777203956649752,1.857993862408295
sinusoid-377_0.7725870577305578_1.857993862408295.png,0.7725870577305578,1.857993862408295
sinusoid-378_-2.46833039372393_1.857993862408295.png,-2.46833039372393,1.857993862408295
sinusoid-379_-14.154563756862647_1.857993862408295.png,-14.154563756862647,1.857993862408295
sinusoid-380_-3.284922037724697_1.857993862408295.png,-3.284922037724697,1.857993862408295
sinusoid-381_5.636309961781828_1.857993862408295.png,5.636309961781828,1.857993862408295
sinusoid-382_5.451968903508355_1.857993862408295.png,5.451968903508355,1.857993862408295
sinusoid-383_12.860429358522225_1.857993862408295.png,12.860429358522225,1.857993862408295
sinusoid-384_-7.150982152169262_-5.3828764373816265.png,-7.150982152169262,-5.3828764373816265
sinusoid-385_-0.466664551802269_-5.3828764373816265.png,-0.466664551802269,-5.3828764373816265
sinusoid-386_14.81655691553061_-5.3828764373816265.png,14.81655691553061,-5.3828764373816265
sinusoid-387_4.282040529968586_-5.3828764373816265.png,4.282040529968586,-5.3828764373816265
sinusoid-388_11.30282519368279_-5.3828764373816265.png,11.30282519368279,-5.3828764373816265
sinusoid-389_-5.443966585768014_-5.3828764373816265.png,-5.443966585768014,-5.3828764373816265
sinusoid-390_10.263230487392423_-5.3828764373816265.png,10.263230487392423,-5.3828764373816265
sinusoid-391_-2.2464995846517897_-5.3828764373816265.png,-2.2464995846517897,-5.3828764373816265
sinusoid-392_7.870300618492312_-5.3828764373816265.png,7.870300618492312,-5.3828764373816265
sinusoid-393_1.3067205278971286_-5.3828764373816265.png,1.3067205278971286,-5.3828764373816265
sinusoid-394_10.354600771765723_-5.3828764373816265.png,10.354600771765723,-5.3828764373816265
sinusoid-395_1.857993862408295_-5.3828764373816265.png,1.857993862408295,-5.3828764373816265
sinusoid-396_-5.3828764373816265_-5.3828764373816265.png,-5.3828764373816265,-5.3828764373816265
sinusoid-397_2.0929721214827914_-5.3828764373816265.png,2.0929721214827914,-5.3828764373816265
sinusoid-398_-11.898249279852328_-5.3828764373816265.png,-11.898249279852328,-5.3828764373816265
sinusoid-399_10.927843281341508_-5.3828764373816265.png,10.927843281341508,-5.3828764373816265
sinusoid-400_-4.72065721412871_-5.3828764373816265.png,-4.72065721412871,-5.3828764373816265
sinusoid-401_-9.31392635820702_-5.3828764373816265.png,-9.31392635820702,-5.3828764373816265
sinusoid-402_-4.218929889113233_-5.3828764373816265.png,-4.218929889113233,-5.3828764373816265
sinusoid-403_11.198533744171154_-5.3828764373816265.png,11.198533744171154,-5.3828764373816265
sinusoid-404_12.932905731813046_-5.3828764373816265.png,12.932905731813046,-5.3828764373816265
sinusoid-405_-10.789442811404937_-5.3828764373816265.png,-10.789442811404937,-5.3828764373816265
sinusoid-406_0.5140255376584668_-5.3828764373816265.png,0.5140255376584668,-5.3828764373816265
sinusoid-407_-2.4107259151632165_-5.3828764373816265.png,-2.4107259151632165,-5.3828764373816265
sinusoid-408_3.777203956649752_-5.3828764373816265.png,3.777203956649752,-5.3828764373816265
sinusoid-409_0.7725870577305578_-5.3828764373816265.png,0.7725870577305578,-5.3828764373816265
sinusoid-410_-2.46833039372393_-5.3828764373816265.png,-2.46833039372393,-5.3828764373816265
sinusoid-411_-14.154563756862647_-5.3828764373816265.png,-14.154563756862647,-5.3828764373816265
sinusoid-412_-3.284922037724697_-5.3828764373816265.png,-3.284922037724697,-5.3828764373816265
sinusoid-413_5.636309961781828_-5.3828764373816265.png,5.636309961781828,-5.3828764373816265
sinusoid-414_5.451968903508355_-5.3828764373816265.png,5.451968903508355,-5.3828764373816265
sinusoid-415_12.860429358522225_-5.3828764373816265.png,12.860429358522225,-5.3828764373816265
sinusoid-416_-7.150982152169262_2.0929721214827914.png,-7.150982152169262,2.0929721214827914
sinusoid-417_-0.466664551802269_2.0929721214827914.png,-0.466664551802269,2.0929721214827914
sinusoid-418_14.81655691553061_2.0929721214827914.png,14.81655691553061,2.0929721214827914
sinusoid-419_4.282040529968586_2.0929721214827914.png,4.282040529968586,2.0929721214827914
sinusoid-420_11.30282519368279_2.0929721214827914.png,11.30282519368279,2.0929721214827914
sinusoid-421_-5.443966585768014_2.0929721214827914.png,-5.443966585768014,2.0929721214827914
sinusoid-422_10.263230487392423_2.0929721214827914.png,10.263230487392423,2.0929721214827914
sinusoid-423_-2.2464995846517897_2.0929721214827914.png,-2.2464995846517897,2.0929721214827914
sinusoid-424_7.870300618492312_2.0929721214827914.png,7.870300618492312,2.0929721214827914
sinusoid-425_1.3067205278971286_2.0929721214827914.png,1.3067205278971286,2.0929721214827914
sinusoid-426_10.354600771765723_2.0929721214827914.png,10.354600771765723,2.0929721214827914
sinusoid-427_1.857993862408295_2.0929721214827914.png,1.857993862408295,2.0929721214827914
sinusoid-428_-5.3828764373816265_2.0929721214827914.png,-5.3828764373816265,2.0929721214827914
sinusoid-429_2.0929721214827914_2.0929721214827914.png,2.0929721214827914,2.0929721214827914
sinusoid-430_-11.898249279852328_2.0929721214827914.png,-11.898249279852328,2.0929721214827914
sinusoid-431_10.927843281341508_2.0929721214827914.png,10.927843281341508,2.0929721214827914
sinusoid-432_-4.72065721412871_2.0929721214827914.png,-4.72065721412871,2.0929721214827914
sinusoid-433_-9.31392635820702_2.0929721214827914.png,-9.31392635820702,2.0929721214827914
sinusoid-434_-4.218929889113233_2.0929721214827914.png,-4.218929889113233,2.0929721214827914
sinusoid-435_11.198533744171154_2.0929721214827914.png,11.198533744171154,2.0929721214827914
sinusoid-436_12.932905731813046_2.0929721214827914.png,12.932905731813046,2.0929721214827914
sinusoid-437_-10.789442811404937_2.0929721214827914.png,-10.789442811404937,2.0929721214827914
sinusoid-438_0.5140255376584668_2.0929721214827914.png,0.5140255376584668,2.0929721214827914
sinusoid-439_-2.4107259151632165_2.0929721214827914.png,-2.4107259151632165,2.0929721214827914
sinusoid-440_3.777203956649752_2.0929721214827914.png,3.777203956649752,2.0929721214827914
sinusoid-441_0.7725870577305578_2.0929721214827914.png,0.7725870577305578,2.0929721214827914
sinusoid-442_-2.46833039372393_2.0929721214827914.png,-2.46833039372393,2.0929721214827914
sinusoid-443_-14.154563756862647_2.0929721214827914.png,-14.154563756862647,2.0929721214827914
sinusoid-444_-3.284922037724697_2.0929721214827914.png,-3.284922037724697,2.0929721214827914
sinusoid-445_5.636309961781828_2.0929721214827914.png,5.636309961781828,2.0929721214827914
sinusoid-446_5.451968903508355_2.0929721214827914.png,5.451968903508355,2.0929721214827914
sinusoid-447_12.860429358522225_2.0929721214827914.png,12.860429358522225,2.0929721214827914
sinusoid-448_-7.150982152169262_-11.898249279852328.png,-7.150982152169262,-11.898249279852328
sinusoid-449_-0.466664551802269_-11.898249279852328.png,-0.466664551802269,-11.898249279852328
sinusoid-450_14.81655691553061_-11.898249279852328.png,14.81655691553061,-11.898249279852328
sinusoid-451_4.282040529968586_-11.898249279852328.png,4.282040529968586,-11.898249279852328
sinusoid-452_11.30282519368279_-11.898249279852328.png,11.30282519368279,-11.898249279852328
sinusoid-453_-5.443966585768014_-11.898249279852328.png,-5.443966585768014,-11.898249279852328
sinusoid-454_10.263230487392423_-11.898249279852328.png,10.263230487392423,-11.898249279852328
sinusoid-455_-2.2464995846517897_-11.898249279852328.png,-2.2464995846517897,-11.898249279852328
sinusoid-456_7.870300618492312_-11.898249279852328.png,7.870300618492312,-11.898249279852328
sinusoid-457_1.3067205278971286_-11.898249279852328.png,1.3067205278971286,-11.898249279852328
sinusoid-458_10.354600771765723_-11.898249279852328.png,10.354600771765723,-11.898249279852328
sinusoid-459_1.857993862408295_-11.898249279852328.png,1.857993862408295,-11.898249279852328
sinusoid-460_-5.3828764373816265_-11.898249279852328.png,-5.3828764373816265,-11.898249279852328
sinusoid-461_2.0929721214827914_-11.898249279852328.png,2.0929721214827914,-11.898249279852328
sinusoid-462_-11.898249279852328_-11.898249279852328.png,-11.898249279852328,-11.898249279852328
sinusoid-463_10.927843281341508_-11.898249279852328.png,10.927843281341508,-11.898249279852328
sinusoid-464_-4.72065721412871_-11.898249279852328.png,-4.72065721412871,-11.898249279852328
sinusoid-465_-9.31392635820702_-11.898249279852328.png,-9.31392635820702,-11.898249279852328
sinusoid-466_-4.218929889113233_-11.898249279852328.png,-4.218929889113233,-11.898249279852328
sinusoid-467_11.198533744171154_-11.898249279852328.png,11.198533744171154,-11.898249279852328
sinusoid-468_12.932905731813046_-11.898249279852328.png,12.932905731813046,-11.898249279852328
sinusoid-469_-10.789442811404937_-11.898249279852328.png,-10.789442811404937,-11.898249279852328
sinusoid-470_0.5140255376584668_-11.898249279852328.png,0.5140255376584668,-11.898249279852328
sinusoid-471_-2.4107259151632165_-11.898249279852328.png,-2.4107259151632165,-11.898249279852328
sinusoid-472_3.777203956649752_-11.898249279852328.png,3.777203956649752,-11.898249279852328
sinusoid-473_0.7725870577305578_-11.898249279852328.png,0.7725870577305578,-11.898249279852328
sinusoid-474_-2.46833039372393_-11.898249279852328.png,-2.46833039372393,-11.898249279852328
sinusoid-475_-14.154563756862647_-11.898249279852328.png,-14.154563756862647,-11.898249279852328
sinusoid-476_-3.284922037724697_-11.898249279852328.png,-3.284922037724697,-11.898249279852328
sinusoid-477_5.636309961781828_-11.898249279852328.png,5.636309961781828,-11.898249279852328
sinusoid-478_5.451968903508355_-11.898249279852328.png,5.451968903508355,-11.898249279852328
sinusoid-479_12.860429358522225_-11.898249279852328.png,12.860429358522225,-11.898249279852328
sinusoid-480_-7.150982152169262_10.927843281341508.png,-7.150982152169262,10.927843281341508
sinusoid-481_-0.466664551802269_10.927843281341508.png,-0.466664551802269,10.927843281341508
sinusoid-482_14.81655691553061_10.927843281341508.png,14.81655691553061,10.927843281341508
sinusoid-483_4.282040529968586_10.927843281341508.png,4.282040529968586,10.927843281341508
sinusoid-484_11.30282519368279_10.927843281341508.png,11.30282519368279,10.927843281341508
sinusoid-485_-5.443966585768014_10.927843281341508.png,-5.443966585768014,10.927843281341508
sinusoid-486_10.263230487392423_10.927843281341508.png,10.263230487392423,10.927843281341508
sinusoid-487_-2.2464995846517897_10.927843281341508.png,-2.2464995846517897,10.927843281341508
sinusoid-488_7.870300618492312_10.927843281341508.png,7.870300618492312,10.927843281341508
sinusoid-489_1.3067205278971286_10.927843281341508.png,1.3067205278971286,10.927843281341508
sinusoid-490_10.354600771765723_10.927843281341508.png,10.354600771765723,10.927843281341508
sinusoid-491_1.857993862408295_10.927843281341508.png,1.857993862408295,10.927843281341508
sinusoid-492_-5.3828764373816265_10.927843281341508.png,-5.3828764373816265,10.927843281341508
sinusoid-493_2.0929721214827914_10.927843281341508.png,2.0929721214827914,10.927843281341508
sinusoid-494_-11.898249279852328_10.927843281341508.png,-11.898249279852328,10.927843281341508
sinusoid-495_10.927843281341508_10.927843281341508.png,10.927843281341508,10.927843281341508
sinusoid-496_-4.72065721412871_10.927843281341508.png,-4.72065721412871,10.927843281341508
sinusoid-497_-9.31392635820702_10.927843281341508.png,-9.31392635820702,10.927843281341508
sinusoid-498_-4.218929889113233_10.927843281341508.png,-4.218929889113233,10.927843281341508
sinusoid-499_11.198533744171154_10.927843281341508.png,11.198533744171154,10.927843281341508
sinusoid-500_12.932905731813046_10.927843281341508.png,12.932905731813046,10.927843281341508
sinusoid-501_-10.789442811404937_10.927843281341508.png,-10.789442811404937,10.927843281341508
sinusoid-502_0.5140255376584668_10.927843281341508.png,0.5140255376584668,10.927843281341508
sinusoid-503_-2.4107259151632165_10.927843281341508.png,-2.4107259151632165,10.927843281341508
sinusoid-504_3.777203956649752_10.927843281341508.png,3.777203956649752,10.927843281341508
sinusoid-505_0.7725870577305578_10.927843281341508.png,0.7725870577305578,10.927843281341508
sinusoid-506_-2.46833039372393_10.927843281341508.png,-2.46833039372393,10.927843281341508
sinusoid-507_-14.154563756862647_10.927843281341508.png,-14.154563756862647,10.927843281341508
sinusoid-508_-3.284922037724697_10.927843281341508.png,-3.284922037724697,10.927843281341508
sinusoid-509_5.636309961781828_10.927843281341508.png,5.636309961781828,10.927843281341508
sinusoid-510_5.451968903508355_10.927843281341508.png,5.451968903508355,10.927843281341508
sinusoid-511_12.860429358522225_10.927843281341508.png,12.860429358522225,10.927843281341508
sinusoid-512_-7.150982152169262_-4.72065721412871.png,-7.150982152169262,-4.72065721412871
sinusoid-513_-0.466664551802269_-4.72065721412871.png,-0.466664551802269,-4.72065721412871
sinusoid-514_14.81655691553061_-4.72065721412871.png,14.81655691553061,-4.72065721412871
sinusoid-515_4.282040529968586_-4.72065721412871.png,4.282040529968586,-4.72065721412871
sinusoid-516_11.30282519368279_-4.72065721412871.png,11.30282519368279,-4.72065721412871
sinusoid-517_-5.443966585768014_-4.72065721412871.png,-5.443966585768014,-4.72065721412871
sinusoid-518_10.263230487392423_-4.72065721412871.png,10.263230487392423,-4.72065721412871
sinusoid-519_-2.2464995846517897_-4.72065721412871.png,-2.2464995846517897,-4.72065721412871
sinusoid-520_7.870300618492312_-4.72065721412871.png,7.870300618492312,-4.72065721412871
sinusoid-521_1.3067205278971286_-4.72065721412871.png,1.3067205278971286,-4.72065721412871
sinusoid-522_10.354600771765723_-4.72065721412871.png,10.354600771765723,-4.72065721412871
sinusoid-523_1.857993862408295_-4.72065721412871.png,1.857993862408295,-4.72065721412871
sinusoid-524_-5.3828764373816265_-4.72065721412871.png,-5.3828764373816265,-4.72065721412871
sinusoid-525_2.0929721214827914_-4.72065721412871.png,2.0929721214827914,-4.72065721412871
sinusoid-526_-11.898249279852328_-4.72065721412871.png,-11.898249279852328,-4.72065721412871
sinusoid-527_10.927843281341508_-4.72065721412871.png,10.927843281341508,-4.72065721412871
sinusoid-528_-4.72065721412871_-4.72065721412871.png,-4.72065721412871,-4.72065721412871
sinusoid-529_-9.31392635820702_-4.72065721412871.png,-9.31392635820702,-4.72065721412871
sinusoid-530_-4.218929889113233_-4.72065721412871.png,-4.218929889113233,-4.72065721412871
sinusoid-531_11.198533744171154_-4.72065721412871.png,11.198533744171154,-4.72065721412871
sinusoid-532_12.932905731813046_-4.72065721412871.png,12.932905731813046,-4.72065721412871
sinusoid-533_-10.789442811404937_-4.72065721412871.png,-10.789442811404937,-4.72065721412871
sinusoid-534_0.5140255376584668_-4.72065721412871.png,0.5140255376584668,-4.72065721412871
sinusoid-535_-2.4107259151632165_-4.72065721412871.png,-2.4107259151632165,-4.72065721412871
sinusoid-536_3.777203956649752_-4.72065721412871.png,3.777203956649752,-4.72065721412871
sinusoid-537_0.7725870577305578_-4.72065721412871.png,0.7725870577305578,-4.72065721412871
sinusoid-538_-2.46833039372393_-4.72065721412871.png,-2.46833039372393,-4.72065721412871
sinusoid-539_-14.154563756862647_-4.72065721412871.png,-14.154563756862647,-4.72065721412871
sinusoid-540_-3.284922037724697_-4.72065721412871.png,-3.284922037724697,-4.72065721412871
sinusoid-541_5.636309961781828_-4.72065721412871.png,5.636309961781828,-4.72065721412871
sinusoid-542_5.451968903508355_-4.72065721412871.png,5.451968903508355,-4.72065721412871
sinusoid-543_12.860429358522225_-4.72065721412871.png,12.860429358522225,-4.72065721412871
sinusoid-544_-7.150982152169262_-9.31392635820702.png,-7.150982152169262,-9.31392635820702
sinusoid-545_-0.466664551802269_-9.31392635820702.png,-0.466664551802269,-9.31392635820702
sinusoid-546_14.81655691553061_-9.31392635820702.png,14.81655691553061,-9.31392635820702
sinusoid-547_4.282040529968586_-9.31392635820702.png,4.282040529968586,-9.31392635820702
sinusoid-548_11.30282519368279_-9.31392635820702.png,11.30282519368279,-9.31392635820702
sinusoid-549_-5.443966585768014_-9.31392635820702.png,-5.443966585768014,-9.31392635820702
sinusoid-550_10.263230487392423_-9.31392635820702.png,10.263230487392423,-9.31392635820702
sinusoid-551_-2.2464995846517897_-9.31392635820702.png,-2.2464995846517897,-9.31392635820702
sinusoid-552_7.870300618492312_-9.31392635820702.png,7.870300618492312,-9.31392635820702
sinusoid-553_1.3067205278971286_-9.31392635820702.png,1.3067205278971286,-9.31392635820702
sinusoid-554_10.354600771765723_-9.31392635820702.png,10.354600771765723,-9.31392635820702
sinusoid-555_1.857993862408295_-9.31392635820702.png,1.857993862408295,-9.31392635820702
sinusoid-556_-5.3828764373816265_-9.31392635820702.png,-5.3828764373816265,-9.31392635820702
sinusoid-557_2.0929721214827914_-9.31392635820702.png,2.0929721214827914,-9.31392635820702
sinusoid-558_-11.898249279852328_-9.31392635820702.png,-11.898249279852328,-9.31392635820702
sinusoid-559_10.927843281341508_-9.31392635820702.png,10.927843281341508,-9.31392635820702
sinusoid-560_-4.72065721412871_-9.31392635820702.png,-4.72065721412871,-9.31392635820702
sinusoid-561_-9.31392635820702_-9.31392635820702.png,-9.31392635820702,-9.31392635820702
sinusoid-562_-4.218929889113233_-9.31392635820702.png,-4.218929889113233,-9.31392635820702
sinusoid-563_11.198533744171154_-9.31392635820702.png,11.198533744171154,-9.31392635820702
sinusoid-564_12.932905731813046_-9.31392635820702.png,12.932905731813046,-9.31392635820702
sinusoid-565_-10.789442811404937_-9.31392635820702.png,-10.789442811404937,-9.31392635820702
sinusoid-566_0.5140255376584668_-9.31392635820702.png,0.5140255376584668,-9.31392635820702
sinusoid-567_-2.4107259151632165_-9.31392635820702.png,-2.4107259151632165,-9.31392635820702
sinusoid-568_3.777203956649752_-9.31392635820702.png,3.777203956649752,-9.31392635820702
sinusoid-569_0.7725870577305578_-9.31392635820702.png,0.7725870577305578,-9.31392635820702
sinusoid-570_-2.46833039372393_-9.31392635820702.png,-2.46833039372393,-9.31392635820702
sinusoid-571_-14.154563756862647_-9.31392635820702.png,-14.154563756862647,-9.31392635820702
sinusoid-572_-3.284922037724697_-9.31392635820702.png,-3.284922037724697,-9.31392635820702
sinusoid-573_5.636309961781828_-9.31392635820702.png,5.636309961781828,-9.31392635820702
sinusoid-574_5.451968903508355_-9.31392635820702.png,5.451968903508355,-9.31392635820702
sinusoid-575_12.860429358522225_-9.31392635820702.png,12.860429358522225,-9.31392635820702
sinusoid-576_-7.150982152169262_-4.218929889113233.png,-7.150982152169262,-4.218929889113233
sinusoid-577_-0.466664551802269_-4.218929889113233.png,-0.466664551802269,-4.218929889113233
sinusoid-578_14.81655691553061_-4.218929889113233.png,14.81655691553061,-4.218929889113233
sinusoid-579_4.282040529968586_-4.218929889113233.png,4.282040529968586,-4.218929889113233
sinusoid-580_11.30282519368279_-4.218929889113233.png,11.30282519368279,-4.218929889113233
sinusoid-581_-5.443966585768014_-4.218929889113233.png,-5.443966585768014,-4.218929889113233
sinusoid-582_10.263230487392423_-4.218929889113233.png,10.263230487392423,-4.218929889113233
sinusoid-583_-2.2464995846517897_-4.218929889113233.png,-2.2464995846517897,-4.218929889113233
sinusoid-584_7.870300618492312_-4.218929889113233.png,7.870300618492312,-4.218929889113233
sinusoid-585_1.3067205278971286_-4.218929889113233.png,1.3067205278971286,-4.218929889113233
sinusoid-586_10.354600771765723_-4.218929889113233.png,10.354600771765723,-4.218929889113233
sinusoid-587_1.857993862408295_-4.218929889113233.png,1.857993862408295,-4.218929889113233
sinusoid-588_-5.3828764373816265_-4.218929889113233.png,-5.3828764373816265,-4.218929889113233
sinusoid-589_2.0929721214827914_-4.218929889113233.png,2.0929721214827914,-4.218929889113233
sinusoid-590_-11.898249279852328_-4.218929889113233.png,-11.898249279852328,-4.218929889113233
sinusoid-591_10.927843281341508_-4.218929889113233.png,10.927843281341508,-4.218929889113233
sinusoid-592_-4.72065721412871_-4.218929889113233.png,-4.72065721412871,-4.218929889113233
sinusoid-593_-9.31392635820702_-4.218929889113233.png,-9.31392635820702,-4.218929889113233
sinusoid-594_-4.218929889113233_-4.218929889113233.png,-4.218929889113233,-4.218929889113233
sinusoid-595_11.198533744171154_-4.218929889113233.png,11.198533744171154,-4.218929889113233
sinusoid-596_12.932905731813046_-4.218929889113233.png,12.932905731813046,-4.218929889113233
sinusoid-597_-10.789442811404937_-4.218929889113233.png,-10.789442811404937,-4.218929889113233
sinusoid-598_0.5140255376584668_-4.218929889113233.png,0.5140255376584668,-4.218929889113233
sinusoid-599_-2.4107259151632165_-4.218929889113233.png,-2.4107259151632165,-4.218929889113233
sinusoid-600_3.777203956649752_-4.218929889113233.png,3.777203956649752,-4.218929889113233
sinusoid-601_0.7725870577305578_-4.218929889113233.png,0.7725870577305578,-4.218929889113233
sinusoid-602_-2.46833039372393_-4.218929889113233.png,-2.46833039372393,-4.218929889113233
sinusoid-603_-14.154563756862647_-4.218929889113233.png,-14.154563756862647,-4.218929889113233
sinusoid-604_-3.284922037724697_-4.218929889113233.png,-3.284922037724697,-4.218929889113233
sinusoid-605_5.636309961781828_-4.218929889113233.png,5.636309961781828,-4.218929889113233
sinusoid-606_5.451968903508355_-4.218929889113233.png,5.451968903508355,-4.218929889113233
sinusoid-607_12.860429358522225_-4.218929889113233.png,12.860429358522225,-4.218929889113233
sinusoid-608_-7.150982152169262_11.198533744171154.png,-7.150982152169262,11.198533744171154
sinusoid-609_-0.466664551802269_11.198533744171154.png,-0.466664551802269,11.198533744171154
sinusoid-610_14.81655691553061_11.198533744171154.png,14.81655691553061,11.198533744171154
sinusoid-611_4.282040529968586_11.198533744171154.png,4.282040529968586,11.198533744171154
sinusoid-612_11.30282519368279_11.198533744171154.png,11.30282519368279,11.198533744171154
sinusoid-613_-5.443966585768014_11.198533744171154.png,-5.443966585768014,11.198533744171154
sinusoid-614_10.263230487392423_11.198533744171154.png,10.263230487392423,11.198533744171154
sinusoid-615_-2.2464995846517897_11.198533744171154.png,-2.2464995846517897,11.198533744171154
sinusoid-616_7.870300618492312_11.198533744171154.png,7.870300618492312,11.198533744171154
sinusoid-617_1.3067205278971286_11.198533744171154.png,1.3067205278971286,11.198533744171154
sinusoid-618_10.354600771765723_11.198533744171154.png,10.354600771765723,11.198533744171154
sinusoid-619_1.857993862408295_11.198533744171154.png,1.857993862408295,11.198533744171154
sinusoid-620_-5.3828764373816265_11.198533744171154.png,-5.3828764373816265,11.198533744171154
sinusoid-621_2.0929721214827914_11.198533744171154.png,2.0929721214827914,11.198533744171154
sinusoid-622_-11.898249279852328_11.198533744171154.png,-11.898249279852328,11.198533744171154
sinusoid-623_10.927843281341508_11.198533744171154.png,10.927843281341508,11.198533744171154
sinusoid-624_-4.72065721412871_11.198533744171154.png,-4.72065721412871,11.198533744171154
sinusoid-625_-9.31392635820702_11.198533744171154.png,-9.31392635820702,11.198533744171154
sinusoid-626_-4.218929889113233_11.198533744171154.png,-4.218929889113233,11.198533744171154
sinusoid-627_11.198533744171154_11.198533744171154.png,11.198533744171154,11.198533744171154
sinusoid-628_12.932905731813046_11.198533744171154.png,12.932905731813046,11.198533744171154
sinusoid-629_-10.789442811404937_11.198533744171154.png,-10.789442811404937,11.198533744171154
sinusoid-630_0.5140255376584668_11.198533744171154.png,0.5140255376584668,11.198533744171154
sinusoid-631_-2.4107259151632165_11.198533744171154.png,-2.4107259151632165,11.198533744171154
sinusoid-632_3.777203956649752_11.198533744171154.png,3.777203956649752,11.198533744171154
sinusoid-633_0.7725870577305578_11.198533744171154.png,0.7725870577305578,11.198533744171154
sinusoid-634_-2.46833039372393_11.198533744171154.png,-2.46833039372393,11.198533744171154
sinusoid-635_-14.154563756862647_11.198533744171154.png,-14.154563756862647,11.198533744171154
sinusoid-636_-3.284922037724697_11.198533744171154.png,-3.284922037724697,11.198533744171154
sinusoid-637_5.636309961781828_11.198533744171154.png,5.636309961781828,11.198533744171154
sinusoid-638_5.451968903508355_11.198533744171154.png,5.451968903508355,11.198533744171154
sinusoid-639_12.860429358522225_11.198533744171154.png,12.860429358522225,11.198533744171154
sinusoid-640_-7.150982152169262_12.932905731813046.png,-7.150982152169262,12.932905731813046
sinusoid-641_-0.466664551802269_12.932905731813046.png,-0.466664551802269,12.932905731813046
sinusoid-642_14.81655691553061_12.932905731813046.png,14.81655691553061,12.932905731813046
sinusoid-643_4.282040529968586_12.932905731813046.png,4.282040529968586,12.932905731813046
sinusoid-644_11.30282519368279_12.932905731813046.png,11.30282519368279,12.932905731813046
sinusoid-645_-5.443966585768014_12.932905731813046.png,-5.443966585768014,12.932905731813046
sinusoid-646_10.263230487392423_12.932905731813046.png,10.263230487392423,12.932905731813046
sinusoid-647_-2.2464995846517897_12.932905731813046.png,-2.2464995846517897,12.932905731813046
sinusoid-648_7.870300618492312_12.932905731813046.png,7.870300618492312,12.932905731813046
sinusoid-649_1.3067205278971286_12.932905731813046.png,1.3067205278971286,12.932905731813046
sinusoid-650_10.354600771765723_12.932905731813046.png,10.354600771765723,12.932905731813046
sinusoid-651_1.857993862408295_12.932905731813046.png,1.857993862408295,12.932905731813046
sinusoid-652_-5.3828764373816265_12.932905731813046.png,-5.3828764373816265,12.932905731813046
sinusoid-653_2.0929721214827914_12.932905731813046.png,2.0929721214827914,12.932905731813046
sinusoid-654_-11.898249279852328_12.932905731813046.png,-11.898249279852328,12.932905731813046
sinusoid-655_10.927843281341508_12.932905731813046.png,10.927843281341508,12.932905731813046
sinusoid-656_-4.72065721412871_12.932905731813046.png,-4.72065721412871,12.932905731813046
sinusoid-657_-9.31392635820702_12.932905731813046.png,-9.31392635820702,12.932905731813046
sinusoid-658_-4.218929889113233_12.932905731813046.png,-4.218929889113233,12.932905731813046
sinusoid-659_11.198533744171154_12.932905731813046.png,11.198533744171154,12.932905731813046
sinusoid-660_12.932905731813046_12.932905731813046.png,12.932905731813046,12.932905731813046
sinusoid-661_-10.789442811404937_12.932905731813046.png,-10.789442811404937,12.932905731813046
sinusoid-662_0.5140255376584668_12.932905731813046.png,0.5140255376584668,12.932905731813046
sinusoid-663_-2.4107259151632165_12.932905731813046.png,-2.4107259151632165,12.932905731813046
sinusoid-664_3.777203956649752_12.932905731813046.png,3.777203956649752,12.932905731813046
sinusoid-665_0.7725870577305578_12.932905731813046.png,0.7725870577305578,12.932905731813046
sinusoid-666_-2.46833039372393_12.932905731813046.png,-2.46833039372393,12.932905731813046
sinusoid-667_-14.154563756862647_12.932905731813046.png,-14.154563756862647,12.932905731813046
sinusoid-668_-3.284922037724697_12.932905731813046.png,-3.284922037724697,12.932905731813046
sinusoid-669_5.636309961781828_12.932905731813046.png,5.636309961781828,12.932905731813046
sinusoid-670_5.451968903508355_12.932905731813046.png,5.451968903508355,12.932905731813046
sinusoid-671_12.860429358522225_12.932905731813046.png,12.860429358522225,12.932905731813046
sinusoid-672_-7.150982152169262_-10.789442811404937.png,-7.150982152169262,-10.789442811404937
sinusoid-673_-0.466664551802269_-10.789442811404937.png,-0.466664551802269,-10.789442811404937
sinusoid-674_14.81655691553061_-10.789442811404937.png,14.81655691553061,-10.789442811404937
sinusoid-675_4.282040529968586_-10.789442811404937.png,4.282040529968586,-10.789442811404937
sinusoid-676_11.30282519368279_-10.789442811404937.png,11.30282519368279,-10.789442811404937
sinusoid-677_-5.443966585768014_-10.789442811404937.png,-5.443966585768014,-10.789442811404937
sinusoid-678_10.263230487392423_-10.789442811404937.png,10.263230487392423,-10.789442811404937
sinusoid-679_-2.2464995846517897_-10.789442811404937.png,-2.2464995846517897,-10.789442811404937
sinusoid-680_7.870300618492312_-10.789442811404937.png,7.870300618492312,-10.789442811404937
sinusoid-681_1.3067205278971286_-10.789442811404937.png,1.3067205278971286,-10.789442811404937
sinusoid-682_10.354600771765723_-10.789442811404937.png,10.354600771765723,-10.789442811404937
sinusoid-683_1.857993862408295_-10.789442811404937.png,1.857993862408295,-10.789442811404937
sinusoid-684_-5.3828764373816265_-10.789442811404937.png,-5.3828764373816265,-10.789442811404937
sinusoid-685_2.0929721214827914_-10.789442811404937.png,2.0929721214827914,-10.789442811404937
sinusoid-686_-11.898249279852328_-10.789442811404937.png,-11.898249279852328,-10.789442811404937
sinusoid-687_10.927843281341508_-10.789442811404937.png,10.927843281341508,-10.789442811404937
sinusoid-688_-4.72065721412871_-10.789442811404937.png,-4.72065721412871,-10.789442811404937
sinusoid-689_-9.31392635820702_-10.789442811404937.png,-9.31392635820702,-10.789442811404937
sinusoid-690_-4.218929889113233_-10.789442811404937.png,-4.218929889113233,-10.789442811404937
sinusoid-691_11.198533744171154_-10.789442811404937.png,11.198533744171154,-10.789442811404937
sinusoid-692_12.932905731813046_-10.789442811404937.png,12.932905731813046,-10.789442811404937
sinusoid-693_-10.789442811404937_-10.789442811404937.png,-10.789442811404937,-10.789442811404937
sinusoid-694_0.5140255376584668_-10.789442811404937.png,0.5140255376584668,-10.789442811404937
sinusoid-695_-2.4107259151632165_-10.789442811404937.png,-2.4107259151632165,-10.789442811404937
sinusoid-696_3.777203956649752_-10.789442811404937.png,3.777203956649752,-10.789442811404937
sinusoid-697_0.7725870577305578_-10.789442811404937.png,0.7725870577305578,-10.789442811404937
sinusoid-698_-2.46833039372393_-10.789442811404937.png,-2.46833039372393,-10.789442811404937
sinusoid-699_-14.154563756862647_-10.789442811404937.png,-14.154563756862647,-10.789442811404937
sinusoid-700_-3.284922037724697_-10.789442811404937.png,-3.284922037724697,-10.789442811404937
sinusoid-701_5.636309961781828_-10.789442811404937.png,5.636309961781828,-10.789442811404937
sinusoid-702_5.451968903508355_-10.789442811404937.png,5.451968903508355,-10.789442811404937
sinusoid-703_12.860429358522225_-10.789442811404937.png,12.860429358522225,-10.789442811404937
sinusoid-704_-7.150982152169262_0.5140255376584668.png,-7.150982152169262,0.5140255376584668
sinusoid-705_-0.466664551802269_0.5140255376584668.png,-0.466664551802269,0.5140255376584668
sinusoid-706_14.81655691553061_0.5140255376584668.png,14.81655691553061,0.5140255376584668
sinusoid-707_4.282040529968586_0.5140255376584668.png,4.282040529968586,0.5140255376584668
sinusoid-708_11.30282519368279_0.5140255376584668.png,11.30282519368279,0.5140255376584668
sinusoid-709_-5.443966585768014_0.5140255376584668.png,-5.443966585768014,0.5140255376584668
sinusoid-710_10.263230487392423_0.5140255376584668.png,10.263230487392423,0.5140255376584668
sinusoid-711_-2.2464995846517897_0.5140255376584668.png,-2.2464995846517897,0.5140255376584668
sinusoid-712_7.870300618492312_0.5140255376584668.png,7.870300618492312,0.5140255376584668
sinusoid-713_1.3067205278971286_0.5140255376584668.png,1.3067205278971286,0.5140255376584668
sinusoid-714_10.354600771765723_0.5140255376584668.png,10.354600771765723,0.5140255376584668
sinusoid-715_1.857993862408295_0.5140255376584668.png,1.857993862408295,0.5140255376584668
sinusoid-716_-5.3828764373816265_0.5140255376584668.png,-5.3828764373816265,0.5140255376584668
sinusoid-717_2.0929721214827914_0.5140255376584668.png,2.0929721214827914,0.5140255376584668
sinusoid-718_-11.898249279852328_0.5140255376584668.png,-11.898249279852328,0.5140255376584668
sinusoid-719_10.927843281341508_0.5140255376584668.png,10.927843281341508,0.5140255376584668
sinusoid-720_-4.72065721412871_0.5140255376584668.png,-4.72065721412871,0.5140255376584668
sinusoid-721_-9.31392635820702_0.5140255376584668.png,-9.31392635820702,0.5140255376584668
sinusoid-722_-4.218929889113233_0.5140255376584668.png,-4.218929889113233,0.5140255376584668
sinusoid-723_11.198533744171154_0.5140255376584668.png,11.198533744171154,0.5140255376584668
sinusoid-724_12.932905731813046_0.5140255376584668.png,12.932905731813046,0.5140255376584668
sinusoid-725_-10.789442811404937_0.5140255376584668.png,-10.789442811404937,0.5140255376584668
sinusoid-726_0.5140255376584668_0.5140255376584668.png,0.5140255376584668,0.5140255376584668
sinusoid-727_-2.4107259151632165_0.5140255376584668.png,-2.4107259151632165,0.5140255376584668
sinusoid-728_3.777203956649752_0.5140255376584668.png,3.777203956649752,0.5140255376584668
sinusoid-729_0.7725870577305578_0.5140255376584668.png,0.7725870577305578,0.5140255376584668
sinusoid-730_-2.46833039372393_0.5140255376584668.png,-2.46833039372393,0.5140255376584668
sinusoid-731_-14.154563756862647_0.5140255376584668.png,-14.154563756862647,0.5140255376584668
sinusoid-732_-3.284922037724697_0.5140255376584668.png,-3.284922037724697,0.5140255376584668
sinusoid-733_5.636309961781828_0.5140255376584668.png,5.636309961781828,0.5140255376584668
sinusoid-734_5.451968903508355_0.5140255376584668.png,5.451968903508355,0.5140255376584668
sinusoid-735_12.860429358522225_0.5140255376584668.png,12.860429358522225,0.5140255376584668
sinusoid-736_-7.150982152169262_-2.4107259151632165.png,-7.150982152169262,-2.4107259151632165
sinusoid-737_-0.466664551802269_-2.4107259151632165.png,-0.466664551802269,-2.4107259151632165
sinusoid-738_14.81655691553061_-2.4107259151632165.png,14.81655691553061,-2.4107259151632165
sinusoid-739_4.282040529968586_-2.4107259151632165.png,4.282040529968586,-2.4107259151632165
sinusoid-740_11.30282519368279_-2.4107259151632165.png,11.30282519368279,-2.4107259151632165
sinusoid-741_-5.443966585768014_-2.4107259151632165.png,-5.443966585768014,-2.4107259151632165
sinusoid-742_10.263230487392423_-2.4107259151632165.png,10.263230487392423,-2.4107259151632165
sinusoid-743_-2.2464995846517897_-2.4107259151632165.png,-2.2464995846517897,-2.4107259151632165
sinusoid-744_7.870300618492312_-2.4107259151632165.png,7.870300618492312,-2.4107259151632165
sinusoid-745_1.3067205278971286_-2.4107259151632165.png,1.3067205278971286,-2.4107259151632165
sinusoid-746_10.354600771765723_-2.4107259151632165.png,10.354600771765723,-2.4107259151632165
sinusoid-747_1.857993862408295_-2.4107259151632165.png,1.857993862408295,-2.4107259151632165
sinusoid-748_-5.3828764373816265_-2.4107259151632165.png,-5.3828764373816265,-2.4107259151632165
sinusoid-749_2.0929721214827914_-2.4107259151632165.png,2.0929721214827914,-2.4107259151632165
sinusoid-750_-11.898249279852328_-2.4107259151632165.png,-11.898249279852328,-2.4107259151632165
sinusoid-751_10.927843281341508_-2.4107259151632165.png,10.927843281341508,-2.4107259151632165
sinusoid-752_-4.72065721412871_-2.4107259151632165.png,-4.72065721412871,-2.4107259151632165
sinusoid-753_-9.31392635820702_-2.4107259151632165.png,-9.31392635820702,-2.4107259151632165
sinusoid-754_-4.218929889113233_-2.4107259151632165.png,-4.218929889113233,-2.4107259151632165
sinusoid-755_11.198533744171154_-2.4107259151632165.png,11.198533744171154,-2.4107259151632165
sinusoid-756_12.932905731813046_-2.4107259151632165.png,12.932905731813046,-2.4107259151632165
sinusoid-757_-10.789442811404937_-2.4107259151632165.png,-10.789442811404937,-2.4107259151632165
sinusoid-758_0.5140255376584668_-2.4107259151632165.png,0.5140255376584668,-2.4107259151632165
sinusoid-759_-2.4107259151632165_-2.4107259151632165.png,-2.4107259151632165,-2.4107259151632165
sinusoid-760_3.777203956649752_-2.4107259151632165.png,3.777203956649752,-2.4107259151632165
sinusoid-761_0.7725870577305578_-2.4107259151632165.png,0.7725870577305578,-2.4107259151632165
sinusoid-762_-2.46833039372393_-2.4107259151632165.png,-2.46833039372393,-2.4107259151632165
sinusoid-763_-14.154563756862647_-2.4107259151632165.png,-14.154563756862647,-2.4107259151632165
sinusoid-764_-3.284922037724697_-2.4107259151632165.png,-3.284922037724697,-2.4107259151632165
sinusoid-765_5.636309961781828_-2.4107259151632165.png,5.636309961781828,-2.4107259151632165
sinusoid-766_5.451968903508355_-2.4107259151632165.png,5.451968903508355,-2.4107259151632165
sinusoid-767_12.860429358522225_-2.4107259151632165.png,12.860429358522225,-2.4107259151632165
sinusoid-768_-7.150982152169262_3.777203956649752.png,-7.150982152169262,3.777203956649752
sinusoid-769_-0.466664551802269_3.777203956649752.png,-0.466664551802269,3.777203956649752
sinusoid-770_14.81655691553061_3.777203956649752.png,14.81655691553061,3.777203956649752
sinusoid-771_4.282040529968586_3.777203956649752.png,4.282040529968586,3.777203956649752
sinusoid-772_11.30282519368279_3.777203956649752.png,11.30282519368279,3.777203956649752
sinusoid-773_-5.443966585768014_3.777203956649752.png,-5.443966585768014,3.777203956649752
sinusoid-774_10.263230487392423_3.777203956649752.png,10.263230487392423,3.777203956649752
sinusoid-775_-2.2464995846517897_3.777203956649752.png,-2.2464995846517897,3.777203956649752
sinusoid-776_7.870300618492312_3.777203956649752.png,7.870300618492312,3.777203956649752
sinusoid-777_1.3067205278971286_3.777203956649752.png,1.3067205278971286,3.777203956649752
sinusoid-778_10.354600771765723_3.777203956649752.png,10.354600771765723,3.777203956649752
sinusoid-779_1.857993862408295_3.777203956649752.png,1.857993862408295,3.777203956649752
sinusoid-780_-5.3828764373816265_3.777203956649752.png,-5.3828764373816265,3.777203956649752
sinusoid-781_2.0929721214827914_3.777203956649752.png,2.0929721214827914,3.777203956649752
sinusoid-782_-11.898249279852328_3.777203956649752.png,-11.898249279852328,3.777203956649752
sinusoid-783_10.927843281341508_3.777203956649752.png,10.927843281341508,3.777203956649752
sinusoid-784_-4.72065721412871_3.777203956649752.png,-4.72065721412871,3.777203956649752
sinusoid-785_-9.31392635820702_3.777203956649752.png,-9.31392635820702,3.777203956649752
sinusoid-786_-4.218929889113233_3.777203956649752.png,-4.218929889113233,3.777203956649752
sinusoid-787_11.198533744171154_3.777203956649752.png,11.198533744171154,3.777203956649752
sinusoid-788_12.932905731813046_3.777203956649752.png,12.932905731813046,3.777203956649752
sinusoid-789_-10.789442811404937_3.777203956649752.png,-10.789442811404937,3.777203956649752
sinusoid-790_0.5140255376584668_3.777203956649752.png,0.5140255376584668,3.777203956649752
sinusoid-791_-2.4107259151632165_3.777203956649752.png,-2.4107259151632165,3.777203956649752
sinusoid-792_3.777203956649752_3.777203956649752.png,3.777203956649752,3.777203956649752
sinusoid-793_0.7725870577305578_3.777203956649752.png,0.7725870577305578,3.777203956649752
sinusoid-794_-2.46833039372393_3.777203956649752.png,-2.46833039372393,3.777203956649752
sinusoid-795_-14.154563756862647_3.777203956649752.png,-14.154563756862647,3.777203956649752
sinusoid-796_-3.284922037724697_3.777203956649752.png,-3.284922037724697,3.777203956649752
sinusoid-797_5.636309961781828_3.777203956649752.png,5.636309961781828,3.777203956649752
sinusoid-798_5.451968903508355_3.777203956649752.png,5.451968903508355,3.777203956649752
sinusoid-799_12.860429358522225_3.777203956649752.png,12.860429358522225,3.777203956649752
sinusoid-800_-7.150982152169262_0.7725870577305578.png,-7.150982152169262,0.7725870577305578
sinusoid-801_-0.466664551802269_0.7725870577305578.png,-0.466664551802269,0.7725870577305578
sinusoid-802_14.81655691553061_0.7725870577305578.png,14.81655691553061,0.7725870577305578
sinusoid-803_4.282040529968586_0.7725870577305578.png,4.282040529968586,0.7725870577305578
sinusoid-804_11.30282519368279_0.7725870577305578.png,11.30282519368279,0.7725870577305578
sinusoid-805_-5.443966585768014_0.7725870577305578.png,-5.443966585768014,0.7725870577305578
sinusoid-806_10.263230487392423_0.7725870577305578.png,10.263230487392423,0.7725870577305578
sinusoid-807_-2.2464995846517897_0.7725870577305578.png,-2.2464995846517897,0.7725870577305578
sinusoid-808_7.870300618492312_0.7725870577305578.png,7.870300618492312,0.7725870577305578
sinusoid-809_1.3067205278971286_0.7725870577305578.png,1.3067205278971286,0.7725870577305578
sinusoid-810_10.354600771765723_0.7725870577305578.png,10.354600771765723,0.7725870577305578
sinusoid-811_1.857993862408295_0.7725870577305578.png,1.857993862408295,0.7725870577305578
sinusoid-812_-5.3828764373816265_0.7725870577305578.png,-5.3828764373816265,0.7725870577305578
sinusoid-813_2.0929721214827914_0.7725870577305578.png,2.0929721214827914,0.7725870577305578
sinusoid-814_-11.898249279852328_0.7725870577305578.png,-11.898249279852328,0.7725870577305578
sinusoid-815_10.927843281341508_0.7725870577305578.png,10.927843281341508,0.7725870577305578
sinusoid-816_-4.72065721412871_0.7725870577305578.png,-4.72065721412871,0.7725870577305578
sinusoid-817_-9.31392635820702_0.7725870577305578.png,-9.31392635820702,0.7725870577305578
sinusoid-818_-4.218929889113233_0.7725870577305578.png,-4.218929889113233,0.7725870577305578
sinusoid-819_11.198533744171154_0.7725870577305578.png,11.198533744171154,0.7725870577305578
sinusoid-820_12.932905731813046_0.7725870577305578.png,12.932905731813046,0.7725870577305578
sinusoid-821_-10.789442811404937_0.7725870577305578.png,-10.789442811404937,0.7725870577305578
sinusoid-822_0.5140255376584668_0.7725870577305578.png,0.5140255376584668,0.7725870577305578
sinusoid-823_-2.4107259151632165_0.7725870577305578.png,-2.4107259151632165,0.7725870577305578
sinusoid-824_3.777203956649752_0.7725870577305578.png,3.777203956649752,0.7725870577305578
sinusoid-825_0.7725870577305578_0.7725870577305578.png,0.7725870577305578,0.7725870577305578
sinusoid-826_-2.46833039372393_0.7725870577305578.png,-2.46833039372393,0.7725870577305578
sinusoid-827_-14.154563756862647_0.7725870577305578.png,-14.154563756862647,0.7725870577305578
sinusoid-828_-3.284922037724697_0.7725870577305578.png,-3.284922037724697,0.7725870577305578
sinusoid-829_5.636309961781828_0.7725870577305578.png,5.636309961781828,0.7725870577305578
sinusoid-830_5.451968903508355_0.7725870577305578.png,5.451968903508355,0.7725870577305578
sinusoid-831_12.860429358522225_0.7725870577305578.png,12.860429358522225,0.7725870577305578
sinusoid-832_-7.150982152169262_-2.46833039372393.png,-7.150982152169262,-2.46833039372393
sinusoid-833_-0.466664551802269_-2.46833039372393.png,-0.466664551802269,-2.46833039372393
sinusoid-834_14.81655691553061_-2.46833039372393.png,14.81655691553061,-2.46833039372393
sinusoid-835_4.282040529968586_-2.46833039372393.png,4.282040529968586,-2.46833039372393
sinusoid-836_11.30282519368279_-2.46833039372393.png,11.30282519368279,-2.46833039372393
sinusoid-837_-5.443966585768014_-2.46833039372393.png,-5.443966585768014,-2.46833039372393
sinusoid-838_10.263230487392423_-2.46833039372393.png,10.263230487392423,-2.46833039372393
sinusoid-839_-2.2464995846517897_-2.46833039372393.png,-2.2464995846517897,-2.46833039372393
sinusoid-840_7.870300618492312_-2.46833039372393.png,7.870300618492312,-2.46833039372393
sinusoid-841_1.3067205278971286_-2.46833039372393.png,1.3067205278971286,-2.46833039372393
sinusoid-842_10.354600771765723_-2.46833039372393.png,10.354600771765723,-2.46833039372393
sinusoid-843_1.857993862408295_-2.46833039372393.png,1.857993862408295,-2.46833039372393
sinusoid-844_-5.3828764373816265_-2.46833039372393.png,-5.3828764373816265,-2.46833039372393
sinusoid-845_2.0929721214827914_-2.46833039372393.png,2.0929721214827914,-2.46833039372393
sinusoid-846_-11.898249279852328_-2.46833039372393.png,-11.898249279852328,-2.46833039372393
sinusoid-847_10.927843281341508_-2.46833039372393.png,10.927843281341508,-2.46833039372393
sinusoid-848_-4.72065721412871_-2.46833039372393.png,-4.72065721412871,-2.46833039372393
sinusoid-849_-9.31392635820702_-2.46833039372393.png,-9.31392635820702,-2.46833039372393
sinusoid-850_-4.218929889113233_-2.46833039372393.png,-4.218929889113233,-2.46833039372393
sinusoid-851_11.198533744171154_-2.46833039372393.png,11.198533744171154,-2.46833039372393
sinusoid-852_12.932905731813046_-2.46833039372393.png,12.932905731813046,-2.46833039372393
sinusoid-853_-10.789442811404937_-2.46833039372393.png,-10.789442811404937,-2.46833039372393
sinusoid-854_0.5140255376584668_-2.46833039372393.png,0.5140255376584668,-2.46833039372393
sinusoid-855_-2.4107259151632165_-2.46833039372393.png,-2.4107259151632165,-2.46833039372393
sinusoid-856_3.777203956649752_-2.46833039372393.png,3.777203956649752,-2.46833039372393
sinusoid-857_0.7725870577305578_-2.46833039372393.png,0.7725870577305578,-2.46833039372393
sinusoid-858_-2.46833039372393_-2.46833039372393.png,-2.46833039372393,-2.46833039372393
sinusoid-859_-14.154563756862647_-2.46833039372393.png,-14.154563756862647,-2.46833039372393
sinusoid-860_-3.284922037724697_-2.46833039372393.png,-3.284922037724697,-2.46833039372393
sinusoid-861_5.636309961781828_-2.46833039372393.png,5.636309961781828,-2.46833039372393
sinusoid-862_5.451968903508355_-2.46833039372393.png,5.451968903508355,-2.46833039372393
sinusoid-863_12.860429358522225_-2.46833039372393.png,12.860429358522225,-2.46833039372393
sinusoid-864_-7.150982152169262_-14.154563756862647.png,-7.150982152169262,-14.154563756862647
sinusoid-865_-0.466664551802269_-14.154563756862647.png,-0.466664551802269,-14.154563756862647
sinusoid-866_14.81655691553061_-14.154563756862647.png,14.81655691553061,-14.154563756862647
sinusoid-867_4.282040529968586_-14.154563756862647.png,4.282040529968586,-14.154563756862647
sinusoid-868_11.30282519368279_-14.154563756862647.png,11.30282519368279,-14.154563756862647
sinusoid-869_-5.443966585768014_-14.154563756862647.png,-5.443966585768014,-14.154563756862647
sinusoid-870_10.263230487392423_-14.154563756862647.png,10.263230487392423,-14.154563756862647
sinusoid-871_-2.2464995846517897_-14.154563756862647.png,-2.2464995846517897,-14.154563756862647
sinusoid-872_7.870300618492312_-14.154563756862647.png,7.870300618492312,-14.154563756862647
sinusoid-873_1.3067205278971286_-14.154563756862647.png,1.3067205278971286,-14.154563756862647
sinusoid-874_10.354600771765723_-14.154563756862647.png,10.354600771765723,-14.154563756862647
sinusoid-875_1.857993862408295_-14.154563756862647.png,1.857993862408295,-14.154563756862647
sinusoid-876_-5.3828764373816265_-14.154563756862647.png,-5.3828764373816265,-14.154563756862647
sinusoid-877_2.0929721214827914_-14.154563756862647.png,2.0929721214827914,-14.154563756862647
sinusoid-878_-11.898249279852328_-14.154563756862647.png,-11.898249279852328,-14.154563756862647
sinusoid-879_10.927843281341508_-14.154563756862647.png,10.927843281341508,-14.154563756862647
sinusoid-880_-4.72065721412871_-14.154563756862647.png,-4.72065721412871,-14.154563756862647
sinusoid-881_-9.31392635820702_-14.154563756862647.png,-9.31392635820702,-14.154563756862647
sinusoid-882_-4.218929889113233_-14.154563756862647.png,-4.218929889113233,-14.154563756862647
sinusoid-883_11.198533744171154_-14.154563756862647.png,11.198533744171154,-14.154563756862647
sinusoid-884_12.932905731813046_-14.154563756862647.png,12.932905731813046,-14.154563756862647
sinusoid-885_-10.789442811404937_-14.154563756862647.png,-10.789442811404937,-14.154563756862647
sinusoid-886_0.5140255376584668_-14.154563756862647.png,0.5140255376584668,-14.154563756862647
sinusoid-887_-2.4107259151632165_-14.154563756862647.png,-2.4107259151632165,-14.154563756862647
sinusoid-888_3.777203956649752_-14.154563756862647.png,3.777203956649752,-14.154563756862647
sinusoid-889_0.7725870577305578_-14.154563756862647.png,0.7725870577305578,-14.154563756862647
sinusoid-890_-2.46833039372393_-14.154563756862647.png,-2.46833039372393,-14.154563756862647
sinusoid-891_-14.154563756862647_-14.154563756862647.png,-14.154563756862647,-14.154563756862647
sinusoid-892_-3.284922037724697_-14.154563756862647.png,-3.284922037724697,-14.154563756862647
sinusoid-893_5.636309961781828_-14.154563756862647.png,5.636309961781828,-14.154563756862647
sinusoid-894_5.451968903508355_-14.154563756862647.png,5.451968903508355,-14.154563756862647
sinusoid-895_12.860429358522225_-14.154563756862647.png,12.860429358522225,-14.154563756862647
sinusoid-896_-7.150982152169262_-3.284922037724697.png,-7.150982152169262,-3.284922037724697
sinusoid-897_-0.466664551802269_-3.284922037724697.png,-0.466664551802269,-3.284922037724697
sinusoid-898_14.81655691553061_-3.284922037724697.png,14.81655691553061,-3.284922037724697
sinusoid-899_4.282040529968586_-3.284922037724697.png,4.282040529968586,-3.284922037724697
sinusoid-900_11.30282519368279_-3.284922037724697.png,11.30282519368279,-3.284922037724697
sinusoid-901_-5.443966585768014_-3.284922037724697.png,-5.443966585768014,-3.284922037724697
sinusoid-902_10.263230487392423_-3.284922037724697.png,10.263230487392423,-3.284922037724697
sinusoid-903_-2.2464995846517897_-3.284922037724697.png,-2.2464995846517897,-3.284922037724697
sinusoid-904_7.870300618492312_-3.284922037724697.png,7.870300618492312,-3.284922037724697
sinusoid-905_1.3067205278971286_-3.284922037724697.png,1.3067205278971286,-3.284922037724697
sinusoid-906_10.354600771765723_-3.284922037724697.png,10.354600771765723,-3.284922037724697
sinusoid-907_1.857993862408295_-3.284922037724697.png,1.857993862408295,-3.284922037724697
sinusoid-908_-5.3828764373816265_-3.284922037724697.png,-5.3828764373816265,-3.284922037724697
sinusoid-909_2.0929721214827914_-3.284922037724697.png,2.0929721214827914,-3.284922037724697
sinusoid-910_-11.898249279852328_-3.284922037724697.png,-11.898249279852328,-3.284922037724697
sinusoid-911_10.927843281341508_-3.284922037724697.png,10.927843281341508,-3.284922037724697
sinusoid-912_-4.72065721412871_-3.284922037724697.png,-4.72065721412871,-3.284922037724697
sinusoid-913_-9.31392635820702_-3.284922037724697.png,-9.31392635820702,-3.284922037724697
sinusoid-914_-4.218929889113233_-3.284922037724697.png,-4.218929889113233,-3.284922037724697
sinusoid-915_11.198533744171154_-3.284922037724697.png,11.198533744171154,-3.284922037724697
sinusoid-916_12.932905731813046_-3.284922037724697.png,12.932905731813046,-3.284922037724697
sinusoid-917_-10.789442811404937_-3.284922037724697.png,-10.789442811404937,-3.284922037724697
sinusoid-918_0.5140255376584668_-3.284922037724697.png,0.5140255376584668,-3.284922037724697
sinusoid-919_-2.4107259151632165_-3.284922037724697.png,-2.4107259151632165,-3.284922037724697
sinusoid-920_3.777203956649752_-3.284922037724697.png,3.777203956649752,-3.284922037724697
sinusoid-921_0.7725870577305578_-3.284922037724697.png,0.7725870577305578,-3.284922037724697
sinusoid-922_-2.46833039372393_-3.284922037724697.png,-2.46833039372393,-3.284922037724697
sinusoid-923_-14.154563756862647_-3.284922037724697.png,-14.154563756862647,-3.284922037724697
sinusoid-924_-3.284922037724697_-3.284922037724697.png,-3.284922037724697,-3.284922037724697
sinusoid-925_5.636309961781828_-3.284922037724697.png,5.636309961781828,-3.284922037724697
sinusoid-926_5.451968903508355_-3.284922037724697.png,5.451968903508355,-3.284922037724697
sinusoid-927_12.860429358522225_-3.284922037724697.png,12.860429358522225,-3.284922037724697
sinusoid-928_-7.150982152169262_5.636309961781828.png,-7.150982152169262,5.636309961781828
sinusoid-929_-0.466664551802269_5.636309961781828.png,-0.466664551802269,5.636309961781828
sinusoid-930_14.81655691553061_5.636309961781828.png,14.81655691553061,5.636309961781828
sinusoid-931_4.282040529968586_5.636309961781828.png,4.282040529968586,5.636309961781828
sinusoid-932_11.30282519368279_5.636309961781828.png,11.30282519368279,5.636309961781828
sinusoid-933_-5.443966585768014_5.636309961781828.png,-5.443966585768014,5.636309961781828
sinusoid-934_10.263230487392423_5.636309961781828.png,10.263230487392423,5.636309961781828
sinusoid-935_-2.2464995846517897_5.636309961781828.png,-2.2464995846517897,5.636309961781828
sinusoid-936_7.870300618492312_5.636309961781828.png,7.870300618492312,5.636309961781828
sinusoid-937_1.3067205278971286_5.636309961781828.png,1.3067205278971286,5.636309961781828
sinusoid-938_10.354600771765723_5.636309961781828.png,10.354600771765723,5.636309961781828
sinusoid-939_1.857993862408295_5.636309961781828.png,1.857993862408295,5.636309961781828
sinusoid-940_-5.3828764373816265_5.636309961781828.png,-5.3828764373816265,5.636309961781828
sinusoid-941_2.0929721214827914_5.636309961781828.png,2.0929721214827914,5.636309961781828
sinusoid-942_-11.898249279852328_5.636309961781828.png,-11.898249279852328,5.636309961781828
sinusoid-943_10.927843281341508_5.636309961781828.png,10.927843281341508,5.636309961781828
sinusoid-944_-4.72065721412871_5.636309961781828.png,-4.72065721412871,5.636309961781828
sinusoid-945_-9.31392635820702_5.636309961781828.png,-9.31392635820702,5.636309961781828
sinusoid-946_-4.218929889113233_5.636309961781828.png,-4.218929889113233,5.636309961781828
sinusoid-947_11.198533744171154_5.636309961781828.png,11.198533744171154,5.636309961781828
sinusoid-948_12.932905731813046_5.636309961781828.png,12.932905731813046,5.636309961781828
sinusoid-949_-10.789442811404937_5.636309961781828.png,-10.789442811404937,5.636309961781828
sinusoid-950_0.5140255376584668_5.636309961781828.png,0.5140255376584668,5.636309961781828
sinusoid-951_-2.4107259151632165_5.636309961781828.png,-2.4107259151632165,5.636309961781828
sinusoid-952_3.777203956649752_5.636309961781828.png,3.777203956649752,5.636309961781828
sinusoid-953_0.7725870577305578_5.636309961781828.png,0.7725870577305578,5.636309961781828
sinusoid-954_-2.46833039372393_5.636309961781828.png,-2.46833039372393,5.636309961781828
sinusoid-955_-14.154563756862647_5.636309961781828.png,-14.154563756862647,5.636309961781828
sinusoid-956_-3.284922037724697_5.636309961781828.png,-3.284922037724697,5.636309961781828
sinusoid-957_5.636309961781828_5.636309961781828.png,5.636309961781828,5.636309961781828
sinusoid-958_5.451968903508355_5.636309961781828.png,5.451968903508355,5.636309961781828
sinusoid-959_12.860429358522225_5.636309961781828.png,12.860429358522225,5.636309961781828
sinusoid-960_-7.150982152169262_5.451968903508355.png,-7.150982152169262,5.451968903508355
sinusoid-961_-0.466664551802269_5.451968903508355.png,-0.466664551802269,5.451968903508355
sinusoid-962_14.81655691553061_5.451968903508355.png,14.81655691553061,5.451968903508355
sinusoid-963_4.282040529968586_5.451968903508355.png,4.282040529968586,5.451968903508355
sinusoid-964_11.30282519368279_5.451968903508355.png,11.30282519368279,5.451968903508355
sinusoid-965_-5.443966585768014_5.451968903508355.png,-5.443966585768014,5.451968903508355
sinusoid-966_10.263230487392423_5.451968903508355.png,10.263230487392423,5.451968903508355
sinusoid-967_-2.2464995846517897_5.451968903508355.png,-2.2464995846517897,5.451968903508355
sinusoid-968_7.870300618492312_5.451968903508355.png,7.870300618492312,5.451968903508355
sinusoid-969_1.3067205278971286_5.451968903508355.png,1.3067205278971286,5.451968903508355
sinusoid-970_10.354600771765723_5.451968903508355.png,10.354600771765723,5.451968903508355
sinusoid-971_1.857993862408295_5.451968903508355.png,1.857993862408295,5.451968903508355
sinusoid-972_-5.3828764373816265_5.451968903508355.png,-5.3828764373816265,5.451968903508355
sinusoid-973_2.0929721214827914_5.451968903508355.png,2.0929721214827914,5.451968903508355
sinusoid-974_-11.898249279852328_5.451968903508355.png,-11.898249279852328,5.451968903508355
sinusoid-975_10.927843281341508_5.451968903508355.png,10.927843281341508,5.451968903508355
sinusoid-976_-4.72065721412871_5.451968903508355.png,-4.72065721412871,5.451968903508355
sinusoid-977_-9.31392635820702_5.451968903508355.png,-9.31392635820702,5.451968903508355
sinusoid-978_-4.218929889113233_5.451968903508355.png,-4.218929889113233,5.451968903508355
sinusoid-979_11.198533744171154_5.451968903508355.png,11.198533744171154,5.451968903508355
sinusoid-980_12.932905731813046_5.451968903508355.png,12.932905731813046,5.451968903508355
sinusoid-981_-10.789442811404937_5.451968903508355.png,-10.789442811404937,5.451968903508355
sinusoid-982_0.5140255376584668_5.451968903508355.png,0.5140255376584668,5.451968903508355
sinusoid-983_-2.4107259151632165_5.451968903508355.png,-2.4107259151632165,5.451968903508355
sinusoid-984_3.777203956649752_5.451968903508355.png,3.777203956649752,5.451968903508355
sinusoid-985_0.7725870577305578_5.451968903508355.png,0.7725870577305578,5.451968903508355
sinusoid-986_-2.46833039372393_5.451968903508355.png,-2.46833039372393,5.451968903508355
sinusoid-987_-14.154563756862647_5.451968903508355.png,-14.154563756862647,5.451968903508355
sinusoid-988_-3.284922037724697_5.451968903508355.png,-3.284922037724697,5.451968903508355
sinusoid-989_5.636309961781828_5.451968903508355.png,5.636309961781828,5.451968903508355
sinusoid-990_5.451968903508355_5.451968903508355.png,5.451968903508355,5.451968903508355
sinusoid-991_12.860429358522225_5.451968903508355.png,12.860429358522225,5.451968903508355
sinusoid-992_-7.150982152169262_12.860429358522225.png,-7.150982152169262,12.860429358522225
sinusoid-993_-0.466664551802269_12.860429358522225.png,-0.466664551802269,12.860429358522225
sinusoid-994_14.81655691553061_12.860429358522225.png,14.81655691553061,12.860429358522225
sinusoid-995_4.282040529968586_12.860429358522225.png,4.282040529968586,12.860429358522225
sinusoid-996_11.30282519368279_12.860429358522225.png,11.30282519368279,12.860429358522225
sinusoid-997_-5.443966585768014_12.860429358522225.png,-5.443966585768014,12.860429358522225
sinusoid-998_10.263230487392423_12.860429358522225.png,10.263230487392423,12.860429358522225
sinusoid-999_-2.2464995846517897_12.860429358522225.png,-2.2464995846517897,12.860429358522225
sinusoid-1000_7.870300618492312_12.860429358522225.png,7.870300618492312,12.860429358522225
sinusoid-1001_1.3067205278971286_12.860429358522225.png,1.3067205278971286,12.860429358522225
sinusoid-1002_10.354600771765723_12.860429358522225.png,10.354600771765723,12.860429358522225
sinusoid-1003_1.857993862408295_12.860429358522225.png,1.857993862408295,12.860429358522225
sinusoid-1004_-5.3828764373816265_12.860429358522225.png,-5.3828764373816265,12.860429358522225
sinusoid-1005_2.0929721214827914_12.860429358522225.png,2.0929721214827914,12.860429358522225
sinusoid-1006_-11.898249279852328_12.860429358522225.png,-11.898249279852328,12.860429358522225
sinusoid-1007_10.927843281341508_12.860429358522225.png,10.927843281341508,12.860429358522225
sinusoid-1008_-4.72065721412871_12.860429358522225.png,-4.72065721412871,12.860429358522225
sinusoid-1009_-9.31392635820702_12.860429358522225.png,-9.31392635820702,12.860429358522225
sinusoid-1010_-4.218929889113233_12.860429358522225.png,-4.218929889113233,12.860429358522225
sinusoid-1011_11.198533744171154_12.860429358522225.png,11.198533744171154,12.860429358522225
sinusoid-1012_12.932905731813046_12.860429358522225.png,12.932905731813046,12.860429358522225
sinusoid-1013_-10.789442811404937_12.860429358522225.png,-10.789442811404937,12.860429358522225
sinusoid-1014_0.5140255376584668_12.860429358522225.png,0.5140255376584668,12.860429358522225
sinusoid-1015_-2.4107259151632165_12.860429358522225.png,-2.4107259151632165,12.860429358522225
sinusoid-1016_3.777203956649752_12.860429358522225.png,3.777203956649752,12.860429358522225
sinusoid-1017_0.7725870577305578_12.860429358522225.png,0.7725870577305578,12.860429358522225
sinusoid-1018_-2.46833039372393_12.860429358522225.png,-2.46833039372393,12.860429358522225
sinusoid-1019_-14.154563756862647_12.860429358522225.png,-14.154563756862647,12.860429358522225
sinusoid-1020_-3.284922037724697_12.860429358522225.png,-3.284922037724697,12.860429358522225
sinusoid-1021_5.636309961781828_12.860429358522225.png,5.636309961781828,12.860429358522225
sinusoid-1022_5.451968903508355_12.860429358522225.png,5.451968903508355,12.860429358522225
sinusoid-1023_12.860429358522225_12.860429358522225.png,12.860429358522225,12.860429358522225
